上位のクエリ,クリック数,表示回数,CTR,掲載順位
ディズニーコラボコスメ 2026,8,29,27.59%,4.31
まつ毛パーマ セルフ ランキング,2,37,5.41%,20.14
ミルボン ポイント ケア スティック 口コミ,2,30,6.67%,11.47
サンリオ コラボ コスメ 2026,2,17,11.76%,10.18
シナモン コラボ 化粧品 2026,2,16,12.5%,9.62
キャラクターコラボコスメ 2026,2,11,18.18%,8.09
アホ毛スティック プチプラ,1,22,4.55%,11.23
アベンヌ あせも,1,10,10%,8.7
セブチ アンバサダー,1,8,12.5%,9.88
ザセム コンシーラー リニューアル,1,5,20%,6.6
アベンヌウォーター あせも,1,4,25%,7.5
キャラクターコラボコスメ2026,1,4,25%,8.25
ディズニー コラボ コスメ 2026,1,3,33.33%,4
2026 秋 コスメ プチプラ,1,3,33.33%,12.33
ルナソルコンシーラー口コミ,1,1,100%,19
カプサイシン リップ,0,40,0%,24.55
20代 コフレ 人気,0,33,0%,41
30代 コフレ おすすめ,0,29,0%,44.28
コフレ おすすめ 20代,0,27,0%,40.78
コフレ 人気 20代,0,27,0%,43.15
ファンデーション 黒ずみ,0,24,0%,46.5
"site:vercel.app ""無料ギフト"" ""プレゼント"" -site:amazon.co.jp -site:amazon.com 
-site:amazonaws.com -site:aboutamazon.jp -site:primevideo.com",0,23,0%,5.78
"site:vercel.app ""無料ギフト"" ""無料"" -site:amazon.co.jp -site:amazon.com 
-site:amazonaws.com -site:aboutamazon.jp -site:primevideo.com",0,23,0%,5.87
20代 コフレ おすすめ,0,23,0%,40.22
薄膜 ファンデーション,0,22,0%,33
コフレ おすすめ 30代,0,21,0%,47.29
"site:vercel.app ""無料ギフト"" ""獲得"" -site:amazon.co.jp -site:amazon.com 
-site:amazonaws.com -site:aboutamazon.jp -site:primevideo.com",0,20,0%,6
サナ 香水,0,19,0%,72.42
niziu メイク,0,17,0%,25.59
平野紫耀 アイテム,0,17,0%,46.59
コンシーラー テカリ,0,16,0%,25.25
ケイト スティックコンシーラー 口コミ,0,15,0%,8.87
ディオール ジス,0,15,0%,25.8
下地 くすみ 人気,0,15,0%,27.73
下地 くすみ おすすめ,0,15,0%,36.67
毛穴 ファンデーション,0,15,0%,57.07
le sserafim メイク,0,15,0%,72
snow man メイク,0,14,0%,39.71
乳液 ベタつかない,0,14,0%,40.71
20代 口紅 人気,0,14,0%,48.86
アイシャドウ ベース,0,13,0%,36.92
20代 クリスマスコフレ おすすめ,0,13,0%,45.23
更年期 スキンケア 50代 選び方,0,13,0%,91
ザセム コンシーラー パッケージ変わった,0,12,0%,7.42
アイシャドウベース,0,12,0%,45.75
ファンデーション 毛穴 カバー,0,12,0%,45.83
平野紫耀 化粧品,0,11,0%,8.82
パウダー 角栓,0,11,0%,25.18
化粧下地 黒ずみ,0,11,0%,45.64
炭酸 洗顔 おすすめ,0,11,0%,75.82
イエベ リップ,0,11,0%,81.45
イエベ 秋 リップ,0,11,0%,86.55
ティーフィット ミナ,0,10,0%,7.5
チェウォン メイク,0,10,0%,17.5
アイブロウコート おすすめ 30代,0,10,0%,19.6
毛穴 コンシーラー おすすめ,0,10,0%,39.2
ベースメイク おすすめ 20代,0,10,0%,42.8
ランコム ファンデーション 成分,0,10,0%,45.4
20代 ベースメイク 人気,0,10,0%,46.6
20代 口紅 おすすめ,0,10,0%,49.1
dior ファンデーション 口コミ,0,9,0%,27.56
ディオール ファンデーション 口コミ,0,9,0%,29.56
ｏｐｅｒａ 口コミ,0,9,0%,33.22
リップ 秋,0,9,0%,36.78
炭酸 洗顔 おすすめ スプレー,0,9,0%,38.11
20代 ホリデーコフレ おすすめ,0,9,0%,40.78
20代 ベースメイク おすすめ,0,9,0%,44.67
下地 くすみ ランキング,0,9,0%,49.56
アゼライン酸 赤み,0,9,0%,92.11
毛穴吸引 人気,0,8,0%,23.75
日焼け止め 低刺激,0,8,0%,38.75
アイセラム おすすめ 50代,0,8,0%,41.62
30代 コフレ 人気,0,8,0%,42.25
ファンデーション テカリ,0,8,0%,45.62
下地 黒ずみ,0,8,0%,46
毛穴 カバー ファンデーション,0,8,0%,48.75
渡辺翔太 メイク,0,8,0%,94.88
カプサイシンリップ,0,7,0%,10.29
秋 コスメ 2026 プチプラ,0,7,0%,11.14
アイブロウコート 人気 20代,0,7,0%,11.29
アイリット 化粧品,0,7,0%,11.86
"site:vercel.app ""クーポン"" ""受取"" -site:amazon.co.jp -site:amazon.com 
-site:amazonaws.com -site:aboutamazon.jp -site:primevideo.com",0,7,0%,14.57
seventeen メイク,0,7,0%,24.29
diorファンデーション口コミ,0,7,0%,30
20代 酵素洗顔 おすすめ,0,7,0%,46.43
20代 拭き取り化粧水 おすすめ,0,7,0%,47.57
眉ティント おすすめ 30代,0,7,0%,48.86
"site:vercel.app ""クーポン"" ""プレゼント"" -site:amazon.co.jp -site:amazon.com 
-site:amazonaws.com -site:aboutamazon.jp -site:primevideo.com",0,6,0%,10.5
ジェネフィック お得,0,6,0%,16
アイブロウコート おすすめ 20代,0,6,0%,16.33
上品 リップ カラー,0,6,0%,19.33
アイブロウコート ランキング,0,6,0%,23
炭酸洗顔 人気,0,6,0%,35.67
眉ティント おすすめ 20代,0,6,0%,36.83
50代 アイセラム おすすめ,0,6,0%,41.17
50代 アイセラム 人気,0,6,0%,43.5
アイシャドウベース よれない,0,6,0%,47.83
ファンデ うるおい,0,6,0%,48.17
ファンデ 黒ずみ,0,6,0%,50
更年期 スキンケア 50代,0,6,0%,67.17
ドライ シャンプー パウダー,0,6,0%,89.5
aespa コスメ,0,5,0%,9.2
ミナ コンシーラー,0,5,0%,10
リップ カプサイシン,0,5,0%,16
"site:vercel.app ""クーポン"" ""獲得"" -site:amazon.co.jp -site:amazon.com 
-site:amazonaws.com -site:aboutamazon.jp -site:primevideo.com",0,5,0%,16.6
セルフまつパ おすすめ,0,5,0%,22.8
アイブロウコート おすすめ,0,5,0%,23.4
メイクアップリムーバー たるみ 口コミ,0,5,0%,25
ファンデーション マキアージュ 口コミ,0,5,0%,28
まつ毛パーマセルフキット ランキング,0,5,0%,35.8
アイセラム 人気 50代,0,5,0%,38.2
シーブリーズ 使い方,0,5,0%,38.6
20代 ファンデーション おすすめ,0,5,0%,39.6
彼女 プレゼント コスメ,0,5,0%,42.2
乳液 べたつかない,0,5,0%,42.4
眉ティント 人気 30代,0,5,0%,45.8
20代 眉ティント 人気,0,5,0%,46.6
アイライナー 滲まない,0,5,0%,47.8
新作コスメ 2026,0,5,0%,48
ふき取り化粧水 おすすめ 30代,0,5,0%,48.4
化粧下地 美白,0,5,0%,48.4
リップ イエベ,0,5,0%,50.4
アイクリーム おすすめ 50代,0,5,0%,79.2
カプサイシン プランパー,0,4,0%,7.25
ウォンヒ 愛用 リップ ロムアンド,0,4,0%,9.75
エスティ ローダー リニュートリィブ,0,4,0%,10.5
リップスクラブ おすすめ,0,4,0%,19
ルージュアリュールラック,0,4,0%,21
シーブリーズ 効果,0,4,0%,26.25
20代 ホリデーコフレ 人気,0,4,0%,34
眉ティント 人気 40代,0,4,0%,37.75
20代 アイブロウ おすすめ,0,4,0%,38.5
エイジングケア アイクリーム ランキング 40代,0,4,0%,42.5
毛穴吸引 ランキング,0,4,0%,42.5
リキッドファンデーション おすすめ 20代,0,4,0%,45.75
ちふれ 除光液,0,4,0%,47.25
リップ クレンジング,0,4,0%,48.25
化粧下地 くすみ,0,4,0%,48.75
マツパ 後 美容液おすすめ,0,4,0%,57
スキンケア 20 代,0,4,0%,95
更年期 スキンケア,0,4,0%,98.75
メイクアップリムーバー たるみ 人気,0,3,0%,5
"site:vercel.app ""無料ギフト"" ""ゲット"" -site:amazon.co.jp -site:amazon.com 
-site:amazonaws.com -site:aboutamazon.jp -site:primevideo.com",0,3,0%,7.67
twice ミナ コンシーラー,0,3,0%,8.33
illit リップ,0,3,0%,9
30代 アイブロウコート おすすめ,0,3,0%,9.33
サンリオコラボ コスメ 2026,0,3,0%,9.33
セザンヌ 下地 ライトブルー 口コミ,0,3,0%,9.33
ちゃんみな シャネルリップ,0,3,0%,9.67
エリクシール レチノパワー リンクルクリーム ba l 22g 最安値 2026,0,3,0%,9.67
"site:vercel.app ""ギフトカード"" ""プレゼント"" -site:amazon.co.jp -site:amazon.com 
-site:amazonaws.com -site:aboutamazon.jp -site:primevideo.com",0,3,0%,10
エスティーローダーリニュートリィブ,0,3,0%,10.33
テラコッタ オレンジヘアカラー 市販,0,3,0%,10.33
20代 アイブロウコート 人気,0,3,0%,11
ホットビューラー usb,0,3,0%,16.67
shiage 口コミ,0,3,0%,17.33
シーブリーズ 高い,0,3,0%,17.67
ルージュ アリュール ラック,0,3,0%,18.33
シャネル リップ クリーム 口コミ,0,3,0%,19
クリスマスコフレ おすすめ 20代,0,3,0%,23
ラロッシュポゼ 毛穴詰まり,0,3,0%,23
クリスマスコフレ おすすめ 30代,0,3,0%,25
ウォンジョンヨ 涙袋,0,3,0%,27
ホリデーコフレ おすすめ 30代,0,3,0%,27
アイブロウコート おすすめ 40代,0,3,0%,27.67
30代 クリスマスコフレ 人気,0,3,0%,28
エイジングケア アイクリーム ランキング 50代,0,3,0%,38.33
アイシャドウが夕方に二重の溝に溜まる。発色を長持ちさせるには？,0,3,0%,39
ｏｐｅｒａ レビュー,0,3,0%,39.33
50代 目元ケア おすすめ,0,3,0%,40
20代 ファンデ おすすめ,0,3,0%,41.33
透明感 下地,0,3,0%,42
女性 プレゼント コスメ,0,3,0%,42.33
パドルブラシ 頭皮マッサージ,0,3,0%,43.67
眉ずみ おすすめ 20代,0,3,0%,44.67
マツエク 束感 コーティング,0,3,0%,47.67
開き 毛穴 ファンデーション おすすめ,0,3,0%,48.67
酵素洗顔 人気 40代,0,3,0%,49.67
ローズ系 リップ 人気,0,3,0%,50
ローズ リップ,0,3,0%,50.67
毛穴 コンシーラー,0,3,0%,61.67
頭皮ケア 炭酸 臭い,0,3,0%,62.33
megumi愛用 化粧品,0,3,0%,64.33
マツエク コーティング剤 おすすめ,0,3,0%,65.33
毛穴 が 目立た ない ファンデーション,0,3,0%,68.67
友達 プレゼント コスメ,0,3,0%,69.67
酵素 洗顔 おすすめ,0,3,0%,79
イエベ秋 リップ,0,3,0%,82
ファンデーション 毛穴 に 入る,0,3,0%,86.67
炭酸 洗顔 おすすめ 使い方,0,3,0%,94.67
"""トレリアン ダーマアレルゴ セラム""",0,2,0%,2
"site:vercel.app ""キャンペーン"" ""無料"" -site:amazon.co.jp -site:amazon.com 
-site:amazonaws.com -site:aboutamazon.jp -site:primevideo.com",0,2,0%,4.5
カリナ シャネル リップ,0,2,0%,6
ウンチェ リップ,0,2,0%,7.5
ホリデーコフレ 人気 20代,0,2,0%,8
キャンメイク むちぷるティント 02 モモ () reviews,0,2,0%,8.5
コーセー メイク キープ ミスト ex + () reviews,0,2,0%,8.5
リッププランパー カプサイシン,0,2,0%,8.5
tfit mina,0,2,0%,9
ウォンヒ fwee,0,2,0%,9.5
アホ毛スティック おすすめ プチプラ,0,2,0%,10
キュレル 皮脂トラブルケア 保湿ジェル 120ml () reviews,0,2,0%,10
セザンヌ オランジュベージュ,0,2,0%,10
プランパー カプサイシン,0,2,0%,10
+キュレル 皮脂トラブルケア 保湿ジェル () reviews,0,2,0%,10.5
30代 アイブロウコート 人気,0,2,0%,10.5
セザンヌ パレットコンシーラー ハイカバー () reviews,0,2,0%,10.5
唇 カプサイシン リップ,0,2,0%,10.5
専科 ジゼル,0,2,0%,10.5
アイブロウコート 人気 30代,0,2,0%,11
エスティローダーリニュートリィブ,0,2,0%,11
ロアライフ,0,2,0%,11
illit 化粧品,0,2,0%,11.5
innisfree イニスフリーノーセバム ブラープライマー25ml/韓国 コスメ product info and reviews,0,2,0%,13.5
リキッドファンデーション パレット,0,2,0%,14
セザンヌ パレットコンシーラー ハイカバー 口コミ,0,2,0%,16.5
リポシー 効果 口コミ,0,2,0%,17
シャネル リップクリーム 口コミ,0,2,0%,18.5
すっぴんクリーム 口コミ,0,2,0%,19.5
20代 クリスマスコフレ 人気,0,2,0%,20
キュレル 下地 口コミ,0,2,0%,20
30代 ホリデーコフレ 人気,0,2,0%,20.5
リップピーリング,0,2,0%,20.5
トーン アップ 下地,0,2,0%,21
アイブロウコート 人気,0,2,0%,22
紫 ヘア カラー 市販,0,2,0%,25.5
40代 アイブロウコート 人気,0,2,0%,26
イヴサンローラン リップ 無色,0,2,0%,28.5
クリスマスコフレ 人気 20代,0,2,0%,29
2026年秋コスメ,0,2,0%,30.5
ホリデーコフレ おすすめ 20代,0,2,0%,30.5
メイベリン コンシーラー 口コミ,0,2,0%,31
アイブロウコート おすすめ 50代,0,2,0%,31.5
アイブロウコート 人気 40代,0,2,0%,32
30代 クリスマスコフレ おすすめ,0,2,0%,32.5
ドライシャンプー 口コミ,0,2,0%,33
イニスフリー パウダーファンデーション,0,2,0%,35
サボリーノ 朝用マスク 肌荒れ 口コミ,0,2,0%,35.5
アイシャドウ 下地,0,2,0%,36
50代 アイブロウコート おすすめ,0,2,0%,37
アイブロウ 人気 20代,0,2,0%,37
20代 眉ずみ 人気,0,2,0%,39.5
メイクアップリムーバー ざらつき おすすめ,0,2,0%,39.5
プレゼント 女性 コスメ,0,2,0%,40
化粧下地 透明感,0,2,0%,40
女性 プレゼント 化粧品,0,2,0%,40
女性 化粧品 プレゼント,0,2,0%,40
アイブロウコート 人気 50代,0,2,0%,40.5
炭酸 泡 洗顔,0,2,0%,41
20代 ファンデ 人気,0,2,0%,42.5
ファンデーション おすすめ 20代,0,2,0%,42.5
リードル ショット 効果 なし,0,2,0%,43
ファンデーション 毛穴カバー,0,2,0%,44
毛穴隠すファンデーション,0,2,0%,44
20代 眉ずみ おすすめ,0,2,0%,45
20代 ファンデーション 人気,0,2,0%,45.5
イニスフリー リキッドファンデーション,0,2,0%,45.5
高級 化粧品 プレゼント,0,2,0%,45.5
目黒蓮 シャンプー,0,2,0%,46.5
リップベース,0,2,0%,47.5
30代 ファンデ 人気,0,2,0%,49.5
セルフまつ毛パーマ おすすめ,0,2,0%,49.5
30代におすすめなファンデーションを教えてください。参照サイトも教えてください,0,2,0%,50
コフレ 人気 30代,0,2,0%,50
毛穴 ファンデーション おすすめ,0,2,0%,50.5
眉ティント 人気 50代,0,2,0%,50.5
毛穴 落ち しない ファンデーション,0,2,0%,55.5
イエベ おすすめ リップ,0,2,0%,62.5
更年期 スキンケア 女性ホルモン,0,2,0%,62.5
lypo c 効果,0,2,0%,63
友達 コスメ プレゼント,0,2,0%,65.5
ネッククリーム 50代,0,2,0%,69.5
コスメ ギフト セット 5000 円,0,2,0%,74.5
ニキビパッチ おすすめ,0,2,0%,76
ファンデーション 毛穴 落ち,0,2,0%,77.5
デコルテ しわ ネックレス,0,2,0%,78.5
5000円 プレゼント デパコス,0,2,0%,79.5
ファンデーション ランキング 30 代,0,2,0%,80.5
頭皮クレンジングオイル,0,2,0%,80.5
4580295034776,0,2,0%,81
頭皮クレンジング オイル,0,2,0%,81.5
コンシーラー 毛穴,0,2,0%,82
ysl 平野紫耀,0,2,0%,82.5
拭き取り 化粧 水 おすすめ,0,2,0%,83
リポ カプセル ビタミンc 効果,0,2,0%,85.5
頭皮 クレンジング オイル,0,2,0%,85.5
20代 スキンケア,0,2,0%,94.5
シーブリーズ 高くなった,0,1,0%,2
site:vercel.app,0,1,0%,4
romand25,0,1,0%,5
"site:vercel.app ""プレゼント当選"" ""獲得"" -site:amazon.co.jp -site:amazon.com 
-site:amazonaws.com -site:aboutamazon.jp -site:primevideo.com",0,1,0%,5
キャラクター コラボコスメ 2026,0,1,0%,6
すっぴんパウダー 口コミ,0,1,0%,7
70代 スキンケア おすすめ,0,1,0%,8
curél 皮脂トラブルケア 保湿ジェル () reviews,0,1,0%,8
ロムアンド ジューシーラスティングティント 人気色,0,1,0%,8
平野紫耀 コスメ,0,1,0%,8
20代 アイブロウコート おすすめ,0,1,0%,9
d プログラム 薬用 スキンケアファンデーション () reviews,0,1,0%,9
"site:vercel.app ""クーポン"" ""当選"" -site:amazon.co.jp -site:amazon.com 
-site:amazonaws.com -site:aboutamazon.jp -site:primevideo.com",0,1,0%,9
uvカットリップクリーム,0,1,0%,9
あせも アベンヌ,0,1,0%,9
ちゃんみな シャネル リップ,0,1,0%,9
エテュセ リップエディション () reviews,0,1,0%,9
ブロウラッシュex ブロウコーティングr () reviews,0,1,0%,9
ミナ tfit,0,1,0%,9
ミナ ファンデ,0,1,0%,9
メイクアップリムーバー たるみ,0,1,0%,9
ロムアンド ウォンヒ 愛用,0,1,0%,9
黒クマ コンシーラー 最強 プチプラ,0,1,0%,9
relaxsy,0,1,0%,10
サナ リップ,0,1,0%,10
サマーズイブ 使い方,0,1,0%,10
ジゼル 洗顔,0,1,0%,10
メイクキープパウダー デメリット,0,1,0%,10
ラネージュ jin,0,1,0%,10
%curél 皮脂トラブルケア 保湿ジェル 120ml () reviews,0,1,0%,11
fwee rs01,0,1,0%,11
megumi 角質ケア,0,1,0%,11
theshopkorea 本物,0,1,0%,11
エクセル ビターテリーヌ,0,1,0%,11
オランジュベージュ,0,1,0%,11
クリスマスコフレ 人気 30代,0,1,0%,11
セザンヌ リップカラーシールド フィグブラウン,0,1,0%,11
ソフィーナ ip スキンケア uv 02 口コミ,0,1,0%,11
ニードルショット レベル,0,1,0%,11
パーフェクトホイップ ジゼル,0,1,0%,11
ヴィセ or250 情熱の盾,0,1,0%,11
肌荒れ しない 日焼け 止め,0,1,0%,11
カプサイシン入りリップ,0,1,0%,12
ジゼル洗顔,0,1,0%,12
セザンヌストレッチコンシーラー30,0,1,0%,12
トムフォード アイシャドウ 成分,0,1,0%,12
カラー剤 赤 おすすめ,0,1,0%,13
アベンヌ 汗疹,0,1,0%,14
リップモンスター 地底探索 口コミ,0,1,0%,14
キュレル湯上がりピンク口コミ,0,1,0%,16
シャネル リップ 口コミ,0,1,0%,16
日焼け止め メンズ ニベア,0,1,0%,16
"site:vercel.app ""ギフトカード"" ""無料"" -site:amazon.co.jp -site:amazon.com 
-site:amazonaws.com -site:aboutamazon.jp -site:primevideo.com",0,1,0%,17
シーブリーズ効果,0,1,0%,17
ウォンジョンヨ デイリームードアップパレット,0,1,0%,19
ヒロインメイク マスカラ プール,0,1,0%,19
リップモンスター 成分,0,1,0%,19
リポシー 口コミ,0,1,0%,19
ワインレッド リップ,0,1,0%,19
hana シャンプー cm,0,1,0%,20
キャンメイク かずのすけ,0,1,0%,20
キュレル 皮脂トラブルケア 保湿ジェル ニキビ,0,1,0%,20
クラシック レッド リップ,0,1,0%,20
ジン 化粧品 ラ ネージュ,0,1,0%,20
ブレスラボ マウスウォッシュ 評価,0,1,0%,20
リポシア 口コミ,0,1,0%,20
30代 ホリデーコフレ おすすめ,0,1,0%,21
ちふれ 口紅 748,0,1,0%,21
アベンヌウォーター ニキビ悪化,0,1,0%,21
トーンアップ下地,0,1,0%,21
リードルショット 老ける,0,1,0%,21
サマーズイブ かゆみ,0,1,0%,22
メイク キープ パウダー ex 違い,0,1,0%,22
拭き取り化粧水 おすすめ 30代,0,1,0%,22
dior ジス,0,1,0%,23
loa the oil 口コミ,0,1,0%,23
トーンアップ 下地,0,1,0%,23
紫ヘアカラー 市販,0,1,0%,23
イニスフリー ファンデーション,0,1,0%,24
サマーズイブ 匂い消える,0,1,0%,24
リップ ワインレッド,0,1,0%,24
ちふれ リップ 748,0,1,0%,25
ウォンジョンヨ パレット,0,1,0%,25
サボリーノ 敏感肌,0,1,0%,25
セザンヌ パールグロウハイライト 01,0,1,0%,25
セザンヌ 皮脂テカリ防止下地 ブルー,0,1,0%,25
朝 洗顔代わり 拭き取り化粧水おすすめ,0,1,0%,25
カバーマーク スキンブライト クリーム cc 口コミ,0,1,0%,26
スティック 美容液 おすすめ,0,1,0%,26
セザンヌ 下地 オレンジ 口コミ,0,1,0%,26
ダイアン ドライ シャンプー 口コミ,0,1,0%,26
ケイト リップモンスター 落ちない 嘘 口コミ,0,1,0%,27
シーブリーズ使い方,0,1,0%,27
クレドポー血清最高のレビューを明るく,0,1,0%,28
ステイオンバームルージュ 09,0,1,0%,28
セザンヌ クッションファンデ n10,0,1,0%,28
タカミスキンピール 皮むけ,0,1,0%,28
マツエク 長持ち 美容 液,0,1,0%,28
ロムアンド ジューシーラスティングティント イートドトリ,0,1,0%,28
口紅 ワインレッド,0,1,0%,28
詰まり毛穴 酵素洗顔,0,1,0%,28
40代 アイブロウコート おすすめ,0,1,0%,29
50代 アイブロウコート 人気,0,1,0%,29
リップトリートメント ランキング,0,1,0%,29
泥洗顔 おすすめ,0,1,0%,29
肌白くなる 下地,0,1,0%,29
肌白くなる下地,0,1,0%,29
hana 日焼け止め,0,1,0%,30
エテュセ アンバーベージュ,0,1,0%,30
ブレスラボ 効果,0,1,0%,30
薄膜ファンデーション,0,1,0%,30
まつ毛パーマ セルフ 国産 おすすめ,0,1,0%,31
イニスフリー クッションファンデーション,0,1,0%,31
オイデルミンエッセンスローション,0,1,0%,31
コスメ おすすめ 20代,0,1,0%,31
ミンギュ ロクシタン,0,1,0%,31
市販 ヘア カラー 紫,0,1,0%,31
チェウォン コスメ,0,1,0%,32
ホリデーコフレ 人気 30代,0,1,0%,32
唐辛子リップ,0,1,0%,32
70 代 基礎 化粧品 おすすめ,0,1,0%,33
70代 基礎 化粧品 おすすめ,0,1,0%,33
春菜はな 日焼け,0,1,0%,33
デオコ ボディソープ 敏感肌,0,1,0%,35
ノーズクリップ おすすめ,0,1,0%,35
キャンメイク オイルブロックミネラルパウダーc01,0,1,0%,36
混合肌 化粧下地 おすすめ,0,1,0%,36
頭皮ケア 毛穴クレンジング スカルプ,0,1,0%,36
アスタリフト 日焼け止め 白浮き,0,1,0%,37
アベンヌ ウォーター ニキビ 悪化,0,1,0%,37
ジンヘアーインプレッション 美容院,0,1,0%,37
洗顔 炭酸泡,0,1,0%,37
炭酸泡洗顔,0,1,0%,37
練り 香水 スティック,0,1,0%,37
ディオール ファンデーション 新作 口コミ,0,1,0%,38
リップ 唐辛子,0,1,0%,38
リップクリーム 日やけ おすすめ,0,1,0%,38
肘 カサカサ 黒い,0,1,0%,38
ご褒美 コスメ,0,1,0%,39
ファンデ おすすめ 20代,0,1,0%,39
2026年秋メイク,0,1,0%,40
リポc 効果ない,0,1,0%,40
誕生日プレゼント 彼女 コスメ おすすめ,0,1,0%,40
アイ シャドウ ベース,0,1,0%,41
アベンヌウォーター 効果 ない,0,1,0%,41
エイジングケア アイクリーム 人気 50代,0,1,0%,41
秋 リップ,0,1,0%,41
クッションファンデーション おすすめ 20代,0,1,0%,42
ファンデーション 素肌感,0,1,0%,42
ベタつか ない 乳液,0,1,0%,42
マスカラ ブラシ,0,1,0%,42
眉コート,0,1,0%,42
20代 リキッドファンデーション おすすめ,0,1,0%,43
化粧下地 混合肌,0,1,0%,43
コンシーラー ベタつかない,0,1,0%,44
ジョンハン バニラコ,0,1,0%,44
高級 コンシーラー 崩れない,0,1,0%,44
40代 アイクリーム 人気,0,1,0%,45
たるみ毛穴 ファンデーション,0,1,0%,45
ドライシャンプー口コミ,0,1,0%,45
炭酸泡 洗顔,0,1,0%,45
パウダーファンデーション 脂性肌,0,1,0%,46
メイクアップリムーバー たるみ ランキング,0,1,0%,46
唇 スクラブ ラッシュ,0,1,0%,46
唇 ピーリング,0,1,0%,46
目黒蓮シャンプー,0,1,0%,46
開き毛穴 ファンデーション おすすめ,0,1,0%,46
開き毛穴 ファンデーションおすすめ,0,1,0%,46
頭皮ケア 炭酸スプレー おすすめ,0,1,0%,46
20代 拭き取り化粧水 人気,0,1,0%,47
アイクリーム たるみ おすすめ,0,1,0%,47
エイジングケア アイクリーム おすすめ 50代,0,1,0%,47
ロムアンド イートドトリ,0,1,0%,47
毛穴たるみ ファンデーション,0,1,0%,47
頭皮ケア パドルブラシ,0,1,0%,47
スティック 美容液,0,1,0%,48
ファンデ 人気 20代,0,1,0%,48
ホリデーコフレ おすすめ,0,1,0%,48
リップ プライマー,0,1,0%,48
拭き取り洗顔 おすすめ,0,1,0%,48
毛穴吸引器 おすすめ,0,1,0%,48
肘ガサガサ,0,1,0%,48
頭皮 日焼け 止めスプレー,0,1,0%,48
頭皮マッサージ パドルブラシ,0,1,0%,48
30代 ふきとり化粧水 おすすめ,0,1,0%,49
the saem コンシーラー 色,0,1,0%,49
アイメイク 下地,0,1,0%,49
プレゼント 高級コスメ,0,1,0%,49
炭酸ミスト 六本木,0,1,0%,49
眉ティント 人気,0,1,0%,49
30代 ファンデーション おすすめ,0,1,0%,50
30代 拭き取り化粧水 おすすめ,0,1,0%,50
たるみ毛穴 ファンデ,0,1,0%,50
アイメイク用下地,0,1,0%,50
グリセリンフリー スキンケア 選び方,0,1,0%,50
ファンデーション おすすめ 30代,0,1,0%,50
リッププライマー,0,1,0%,50
化粧水 ざらつき おすすめ,0,1,0%,50
口紅 ブルベ 秋,0,1,0%,50
日やけ止め 肌荒れ おすすめ,0,1,0%,50
アイメイク下地,0,1,0%,51
角質 ケア 肘,0,1,0%,51
開き毛穴 ファンデーション,0,1,0%,51
アルビオン モデル,0,1,0%,52
グリセリンフリー洗顔,0,1,0%,52
ジュレーム 目黒蓮,0,1,0%,52
美容 系 プレゼント 30 代,0,1,0%,52
頭皮 角栓 クレンジング,0,1,0%,52
まつ毛ダニ 抗菌目薬,0,1,0%,53
ファンデーション 毛穴 おすすめ,0,1,0%,53
ブラウンリップ 似合う人,0,1,0%,53
リードルショット100 効果,0,1,0%,53
ロクシタン プレゼント 嬉しくない,0,1,0%,53
赤 リップ 高級,0,1,0%,53
頭皮 毛穴詰まり クレンジング,0,1,0%,53
平野紫耀 イブサンローラン リップ,0,1,0%,54
日焼け止め スプレー 頭皮,0,1,0%,54
日焼け止めスプレー 頭皮,0,1,0%,54
日焼け止めスプレー頭皮,0,1,0%,54
アイ下地,0,1,0%,55
ファンデーション 人気 30代,0,1,0%,55
ブラウン リップ 似合う人,0,1,0%,55
ブルベ夏 リップ 人気,0,1,0%,55
皮脂崩れ ファンデーション,0,1,0%,55
ウォニョンコスメ,0,1,0%,56
毛穴拭き取り化粧水,0,1,0%,56
頭皮 毛穴 詰まり クレンジング,0,1,0%,56
頭皮毛穴クレンジング,0,1,0%,56
アヌア シミ消える,0,1,0%,57
lypo-c 効果,0,1,0%,58
megumi 美容法,0,1,0%,58
megumi美容法,0,1,0%,58
アイシャドウ下地 おすすめ,0,1,0%,58
ラロッシュポゼ サリチル酸,0,1,0%,58
毛穴 拭き取り 化粧 水,0,1,0%,58
毛穴レス ファンデーション 40代,0,1,0%,58
血色感,0,1,0%,58
イエベ口紅,0,1,0%,59
イブサンローラン 平野紫耀 リップ,0,1,0%,59
フジコ 眉ティント 色比較,0,1,0%,59
拭き取り化粧水 角質,0,1,0%,59
アラフィフ ファンデーション,0,1,0%,60
フジコ眉ティント 色比較,0,1,0%,60
マツパ後美容液 おすすめ,0,1,0%,60
イエベ 口紅,0,1,0%,61
フジコ 眉 ティント 色 比較,0,1,0%,61
マツエク コーティング剤 ランキング,0,1,0%,61
毛穴 目立た ない ファンデーション,0,1,0%,61
酵素洗顔 角栓 取れない,0,1,0%,61
50 代 ファンデーション おすすめ,0,1,0%,62
アヌア シミ 消える,0,1,0%,62
シルク キャップ おすすめ,0,1,0%,62
シルクキャップ おすすめ,0,1,0%,62
ニキビ パッチ メイク,0,1,0%,62
ファンデーション おすすめ 50 代,0,1,0%,62
リポソームビタミンc 効果ない,0,1,0%,62
酵素 洗顔 角 栓 取れ ない,0,1,0%,62
アラフィフ ファンデーション おすすめ,0,1,0%,63
アルビオン 渡辺翔太,0,1,0%,63
オフィス メイク おすすめ,0,1,0%,63
リポシー 効果,0,1,0%,63
肌がめっちゃ綺麗に見える ファンデーション 30代,0,1,0%,63
肌がめっちゃ綺麗に見えるファンデーション 30代,0,1,0%,63
クレイ洗顔 おすすめ,0,1,0%,64
唇 ヒリヒリ リップ おすすめ,0,1,0%,64
50代 シワが目立たないファンデーション,0,1,0%,65
アゼライン 酸 赤ら顔,0,1,0%,65
イエベおすすめリップ,0,1,0%,65
唇 スクラブ ドラッグストア,0,1,0%,65
毛穴 落ち ファンデ,0,1,0%,65
niziu コスメ,0,1,0%,66
イエベ リップ おすすめ,0,1,0%,66
ジョングク 香水 シャネル,0,1,0%,66
拭き取り化粧水毎日,0,1,0%,66
肘 きれい,0,1,0%,66
血色リップ,0,1,0%,66
アゼライン酸 敏感肌,0,1,0%,67
マツエク コーティング 剤 ランキング,0,1,0%,67
拭き取り化粧水 おすすめ,0,1,0%,67
美容 系 プレゼント 20 代,0,1,0%,67
足裏 ベタベタ 対策,0,1,0%,67
酵素洗顔 毛穴,0,1,0%,67
30代 プレゼント コスメ,0,1,0%,68
ファンデーション 毛穴,0,1,0%,68
50代 まぶたのたるみ 改善クリーム,0,1,0%,69
50代 まぶたのたるみ改善クリーム,0,1,0%,69
megumi スキンケア,0,1,0%,69
ネイル ハードナー と は,0,1,0%,69
コスメ プレゼント 30代,0,1,0%,70
ブラウン リップ イエベ秋,0,1,0%,70
カールキープ マスカラ下地,0,1,0%,71
コスメ 30代 プレゼント,0,1,0%,71
更年期 スキンケア 50代 原因,0,1,0%,71
泥 洗顔,0,1,0%,71
炭酸洗顔 おすすめ,0,1,0%,71
肘 乾燥,0,1,0%,72
頭皮 日焼け止めスプレー,0,1,0%,72
頭皮の日焼け止めスプレー,0,1,0%,72
頭皮日焼け止めスプレー,0,1,0%,72
30代女性 プレゼント デパコス,0,1,0%,73
シナモロール コラボ 2026,0,1,0%,73
デコルテ シワ 改善,0,1,0%,73
化粧品 ランキング 20 代,0,1,0%,73
30 代 人気 コスメ プレゼント,0,1,0%,74
しょっぴー化粧品,0,1,0%,74
アディクションリップ hana,0,1,0%,74
ニキビ パッチ おすすめ,0,1,0%,74
アルビオン cm 男性,0,1,0%,75
ブラウン リップ イエベ 秋,0,1,0%,75
化粧品 20代,0,1,0%,75
5000円 コスメ,0,1,0%,76
50代 毛穴落ちしないファンデーション,0,1,0%,76
イエベ ピンク リップ,0,1,0%,76
コスメ ギフトセット 5000円,0,1,0%,76
イエベ リップ ピンク,0,1,0%,77
秋コスメ 2026,0,1,0%,77
オイリー肌 ファンデーション,0,1,0%,78
オルビス 日焼け止め リニューアル 違い,0,1,0%,78
安全 な 日焼け 止め,0,1,0%,78
1000円以下 コスメ,0,1,0%,79
コスメ 5000円,0,1,0%,79
ファンデ 塗っ た 瞬間 毛穴 落ち,0,1,0%,79
指原莉乃 メイク,0,1,0%,79
指原莉乃コスメ,0,1,0%,79
5000円コスメ,0,1,0%,80
デパコス誕プレ,0,1,0%,80
指原莉乃 コスメ,0,1,0%,80
青 クマ コンシーラー,0,1,0%,80
20代人気コスメ,0,1,0%,81
デパコス 誕プレ,0,1,0%,81
指原莉乃メイク,0,1,0%,82
ブラウンリップ イエベ秋,0,1,0%,83
クレンジングオイル 頭皮,0,1,0%,84
コスメ1000円以下,0,1,0%,84
デパコス プレゼント 5000円 30代,0,1,0%,84
1000円以下コスメ,0,1,0%,85
コスメ プレゼント 5000 円,0,1,0%,85
デパコス プレゼント 5000円 20代,0,1,0%,85
デパコス5000円 プレゼント,0,1,0%,85
手の甲 シワ 改善,0,1,0%,85
20 代 コスメ,0,1,0%,86
5000 円 デパコス,0,1,0%,86
リードル ショット 効果,0,1,0%,86
30 代 化粧品 ブランド,0,1,0%,87
イエベ秋 似合う色 リップ,0,1,0%,87
デパコス 5000円 プレゼント,0,1,0%,87
ファンデーション おすすめ 30 代,0,1,0%,87
リップ イエベ秋,0,1,0%,87
頭皮 オイルクレンジング,0,1,0%,87
コスメ 人気 20代,0,1,0%,88
タイナビプロテクター 口コミ,0,1,0%,88
ニキビ パッチ 代用,0,1,0%,88
リポカプセルビタミンc 効果,0,1,0%,88
酵素 洗顔 ランキング,0,1,0%,88
40代肌のハリを取り戻す,0,1,0%,89
シワ対策 40代,0,1,0%,89
拭き取り化粧水 いつ,0,1,0%,89
拭き取り化粧水いつ,0,1,0%,89
megumiパック,0,1,0%,90
イエベ秋 口紅,0,1,0%,90
唇 ガサガサ リップ,0,1,0%,90
イエベ秋 リップ色,0,1,0%,92
イエベ 秋 似合う リップ,0,1,0%,93
イエベ秋 リップ 色,0,1,0%,93
パドル ブラシ 効果,0,1,0%,94
髪 うねり シャンプー ドラックストア,0,1,0%,95
20 代 スキンケア,0,1,0%,97
リポ c 効果,0,1,0%,97
リポc 飲み方,0,1,0%,98
4971710576306,0,1,0%,99
ドライシャンプー おすすめ,0,1,0%,100