上位のページ,クリック数,表示回数,CTR,掲載順位
https://qualia-navi.vercel.app/articles/art-disney-cosme-gift-2026,12,40,30%,4.83
https://qualia-navi.vercel.app/articles/art-jungkook-bts-chanel-fragrance-lip,11,163,6.75%,5.75
https://qualia-navi.vercel.app/articles/feature-sanrio-cosme-collab-2026,10,70,14.29%,8.64
https://qualia-navi.vercel.app/articles/art-sachiko-the-saem-concealer-package-renewal,8,54,14.81%,7.3
https://qualia-navi.vercel.app/articles/art-sachiko-avene-heat-rash-care-guide,3,57,5.26%,9.09
https://qualia-navi.vercel.app/articles/feature-2026-autumn-budget-cosme-recommended-10,3,21,14.29%,10.05
https://qualia-navi.vercel.app/articles/feature-misamo-twice-beauty-complete-guide,3,17,17.65%,7
https://qualia-navi.vercel.app/articles/art-mina-twice-tfit-cover-up-pro-concealer,2,72,2.78%,8.35
https://qualia-navi.vercel.app/articles/feature-snowman-members-cosmetics-guide,2,46,4.35%,32.48
https://qualia-navi.vercel.app/articles/feature-illit-magnetic-cosmetics-guide,2,45,4.44%,6.84
https://qualia-navi.vercel.app/articles/art-sachiko-self-lash-perm-ranking,2,44,4.55%,20
https://qualia-navi.vercel.app/articles/feature-autumn-lips-ultimate-master-hub-2026,2,37,5.41%,16.81
https://qualia-navi.vercel.app/articles/art-rescue-hair-frizz-curl,2,34,5.88%,10.35
https://qualia-navi.vercel.app/articles/art-seo-query-pore-foundation-order,2,17,11.76%,11.18
https://qualia-navi.vercel.app/articles/art-ningning-aespa-maybelline-makeup,2,13,15.38%,5.15
https://qualia-navi.vercel.app/articles/art-cosme-osusume-70s-seniors-2026,2,13,15.38%,16.15
https://qualia-navi.vercel.app/articles/feature-nono-girls-hana-chanmina-cosme-tieup,2,12,16.67%,7.67
https://qualia-navi.vercel.app/articles/feature-disney-cosme-collab-2026,2,11,18.18%,6.36
https://qualia-navi.vercel.app/articles/art-haerin-newjeans-dior-makeup,2,6,33.33%,6.5
https://qualia-navi.vercel.app/articles/product-lip26-ne-visee250,2,5,40%,11
https://qualia-navi.vercel.app/articles/feature-gift-for-20s-women-cosmetics-10,1,166,0.6%,46.64
https://qualia-navi.vercel.app/articles/art-peri-ahoge-stick-drugstore-ranking-2026,1,41,2.44%,10.46
https://qualia-navi.vercel.app/articles/feature-aespa-cosmetics-complete-guide,1,29,3.45%,7.17
https://qualia-navi.vercel.app/articles/art-peri-korean-concealer-kuma-cover-ranking-2026,1,26,3.85%,9.54
https://qualia-navi.vercel.app/articles/art-jisoo-blackpink-dior-makeup,1,24,4.17%,20.75
https://qualia-navi.vercel.app/articles/feature-seventeen-members-cosmetics-guide,1,22,4.55%,13.91
https://qualia-navi.vercel.app/articles/art-hair-dye-purple-10-ranking-comparison-2026,1,21,4.76%,19.24
https://qualia-navi.vercel.app/articles/art-nono-hana-addiction-eyeshadow-sparkle,1,18,5.56%,4.5
https://qualia-navi.vercel.app/articles/art-nono-chanmina-chanel-rouge-allure-laque,1,17,5.88%,13.88
https://qualia-navi.vercel.app/articles/product-ag-50s-sk-esteelauder-renutriv,1,14,7.14%,11.36
https://qualia-navi.vercel.app/articles/art-kbeauty-cosme-2026-ranking-japan,1,13,7.69%,6.38
https://qualia-navi.vercel.app/articles/art-karina-aespa-luxury-makeup,1,12,8.33%,5.92
https://qualia-navi.vercel.app/articles/art-dupe-sk2-vs-kiku-masamune,1,12,8.33%,7
https://qualia-navi.vercel.app/articles/art-seo-query-over40-pore-makeup-order,1,11,9.09%,9.18
https://qualia-navi.vercel.app/articles/product-pr2k-thesaem-concealer,1,10,10%,8.6
https://qualia-navi.vercel.app/articles/art-lipscrub-lush-bubblegum-lip-scrub-sweet,1,10,10%,11.7
https://qualia-navi.vercel.app/articles/feature-ririmew-sashihara-complete-guide,1,10,10%,49.7
https://qualia-navi.vercel.app/articles/feature-twice-sana-luxury-cosmetics-guide,1,9,11.11%,6
https://qualia-navi.vercel.app/articles/product-pr-dry-curel,1,9,11.11%,18.22
https://qualia-navi.vercel.app/articles/product-cc-kuma-lunasol,1,8,12.5%,10.25
https://qualia-navi.vercel.app/articles/feature-newjeans-luxury-cosmetics-guide,1,7,14.29%,5.57
https://qualia-navi.vercel.app/articles/art-eunchae-lesserafim-trendy-korean-cosme,1,7,14.29%,7.14
https://qualia-navi.vercel.app/articles/art-depacos-cosme-2026-luxury-ranking,1,7,14.29%,14.29
https://qualia-navi.vercel.app/articles/art-aegyo-bbia-last-auto-gel-eyeliner,1,6,16.67%,17.67
https://qualia-navi.vercel.app/articles/art-watanabe-shota-favorite-luxury-cosme,1,5,20%,5
https://qualia-navi.vercel.app/articles/art-spatula-acrylic-palette-spatula-mixing-set-pro,1,5,20%,12.2
https://qualia-navi.vercel.app/articles/feature-2026-autumn-pink-lip-recommended-10,1,4,25%,3.5
https://qualia-navi.vercel.app/articles/art-hanni-newjeans-armani-makeup,1,4,25%,5.5
https://qualia-navi.vercel.app/articles/art-sachiko-milbon-pointcare-stick-review,1,4,25%,8.75
https://qualia-navi.vercel.app/articles/art-peri-lip-tint-remover-cleansing-2026,1,4,25%,10
https://qualia-navi.vercel.app/articles/art-seo-query-cheek-blush-falling-canmake,1,4,25%,11.75
https://qualia-navi.vercel.app/articles/feature-autumn-korean-lips-collection-10,1,3,33.33%,4.67
https://qualia-navi.vercel.app/articles/art-jennie-blackpink-hera-chanel-makeup,1,3,33.33%,5
https://qualia-navi.vercel.app/articles/art-precleansing-shiseido-fonte-forte-scalp,1,3,33.33%,8
https://qualia-navi.vercel.app/articles/art-seo-query-enzyme-powder-scalp-dandruff-itch,1,2,50%,6
https://qualia-navi.vercel.app/articles/art-nono-chanmina-dior-backstage-eye-palette,1,2,50%,7
https://qualia-navi.vercel.app/articles/art-sachiko-sanrio-cinnamon-collab-cosme-2026,1,2,50%,7.5
https://qualia-navi.vercel.app/articles/art-lisa-blackpink-shiseido-mac-makeup,1,2,50%,8
https://qualia-navi.vercel.app/articles/art-rakuten-shibuya-ipsa,1,2,50%,9
https://qualia-navi.vercel.app/articles/art-cosme-osusume-unisex-genderless-2026,1,2,50%,10
https://qualia-navi.vercel.app/articles/art-cosme-osusume-60s-2026-best10,1,2,50%,12
https://qualia-navi.vercel.app/articles/feature-5-lip-scrub-sugar-exfoliating-plump-pro,1,2,50%,14.5
https://qualia-navi.vercel.app/articles/feature-autumn-date-makeup-10,1,2,50%,14.5
https://qualia-navi.vercel.app/articles/art-scene-shaving-smooth-mens,1,1,100%,8
https://qualia-navi.vercel.app/articles/product-ag-50s-fd-shiseido-lx,1,1,100%,15
https://qualia-navi.vercel.app/articles/art-peri-tone-up-uv-base-glow-2026,1,1,100%,25
https://qualia-navi.vercel.app/articles/feature-foundation-pore-coverage-10,0,101,0%,50.03
https://qualia-navi.vercel.app/articles/art-sachiko-eyebrow-coat-20s-30s-guide,0,70,0%,23.39
https://qualia-navi.vercel.app/articles/feature-primer-tone-up-bright-10,0,69,0%,37.36
https://qualia-navi.vercel.app/articles/feature-gift-for-30s-women-cosmetics-10,0,68,0%,48.88
https://qualia-navi.vercel.app/articles/art-sachiko-capsaicin-plumper-lip-guide,0,65,0%,12.46
https://qualia-navi.vercel.app/articles/feature-age-20s-foundation-10,0,53,0%,43.75
https://qualia-navi.vercel.app/articles/art-mega10-pdrn-anua-pdrn-hyaluronic-acid-serum,0,50,0%,9.72
https://qualia-navi.vercel.app/articles/feature-personal-color-warm-autumn-lip-10,0,50,0%,77.72
https://qualia-navi.vercel.app/articles/art-sachiko-holiday-coffret-20s-30s-ranking,0,48,0%,23.15
https://qualia-navi.vercel.app/articles/art-peri-40s-50s-eye-cream-wrinkle-ranking-2026,0,47,0%,47.19
https://qualia-navi.vercel.app/articles/feature-5-eyeshadow-primer-base,0,41,0%,43.95
https://qualia-navi.vercel.app/articles/product-pr-oil-curel,0,40,0%,10.18
https://qualia-navi.vercel.app/articles/feature-sho-hirano-ysl-beauty-complete-guide,0,40,0%,30.73
https://qualia-navi.vercel.app/articles/art-peri-carbonated-foam-face-wash-2026,0,40,0%,51.5
https://qualia-navi.vercel.app/articles/art-peri-gentle-wipe-lotion-exfoliating-2026,0,40,0%,53.92
https://qualia-navi.vercel.app/articles/feature-lesserafim-cosmetics-complete-guide,0,37,0%,33.27
https://qualia-navi.vercel.app/articles/art-peri-eyebrow-tint-long-lasting-2026,0,35,0%,44.89
https://qualia-navi.vercel.app/articles/topic-hair-pluseau-pointrepair,0,34,0%,9.18
https://qualia-navi.vercel.app/articles/art-giselle-aespa-senka-skincare,0,32,0%,9.88
https://qualia-navi.vercel.app/articles/art-niziu-members-trendy-petit-price-cosme,0,32,0%,17.47
https://qualia-navi.vercel.app/articles/art-wonhee-illit-romand-lip-makeup,0,31,0%,8.19
https://qualia-navi.vercel.app/articles/art-seo-query-cosmedecorte-eyeglow-gem-skin-shadow,0,31,0%,10.48
https://qualia-navi.vercel.app/articles/art-peri-enzyme-powder-wash-keana-2026,0,30,0%,45.23
https://qualia-navi.vercel.app/articles/art-sachiko-lip-peeling-scrub-primer-guide,0,29,0%,11.48
https://qualia-navi.vercel.app/articles/art-seo-query-mens-facial-device-effect,0,28,0%,8.5
https://qualia-navi.vercel.app/articles/feature-foundation-natural-bare-skin-10,0,27,0%,34.48
https://qualia-navi.vercel.app/articles/product-pr10k-dior-glow,0,26,0%,29.31
https://qualia-navi.vercel.app/articles/art-sachiko-tfit-concealer-mina-twice,0,25,0%,7.52
https://qualia-navi.vercel.app/articles/art-scene-scalp-spa-at-home,0,25,0%,9.36
https://qualia-navi.vercel.app/articles/feature-gift-under-5000-cosmetics-10,0,25,0%,71.84
https://qualia-navi.vercel.app/articles/art-kbeauty-anua-niacinamide-10-txa-4-serum,0,23,0%,8.87
https://qualia-navi.vercel.app/articles/art-sachiko-seabreeze-effects-guide,0,23,0%,18.09
https://qualia-navi.vercel.app/articles/art-seo-query-addiction-skin-reflect-fresh-concealer,0,22,0%,8
https://qualia-navi.vercel.app/articles/art-peri-gentle-moist-emulsion-ranking-2026,0,21,0%,40.95
https://qualia-navi.vercel.app/articles/art-mega10-eyecream-elixir-retinol-power-wrinkle,0,20,0%,9.65
https://qualia-navi.vercel.app/articles/art-sana-twice-ysl-libre-fragrance,0,20,0%,70.3
https://qualia-navi.vercel.app/articles/art-gray-smh-hair-foundation,0,19,0%,7.89
https://qualia-navi.vercel.app/articles/art-hair-dye-orange-terracotta-10-ranking-comparison-2026,0,19,0%,8.32
https://qualia-navi.vercel.app/articles/topic-suncare-nivea,0,19,0%,9.89
https://qualia-navi.vercel.app/articles/feature-primer-pore-cover-smooth-10,0,19,0%,45.79
https://qualia-navi.vercel.app/articles/art-peri-scalp-cleansing-oil-precare-2026,0,17,0%,63.24
https://qualia-navi.vercel.app/articles/art-brow-rapidbrow-eyebrow-serum,0,16,0%,4.31
https://qualia-navi.vercel.app/articles/product-cc-acne-kate-stick,0,16,0%,8.75
https://qualia-navi.vercel.app/articles/feature-primer-oil-control-matte-10,0,16,0%,25.25
https://qualia-navi.vercel.app/articles/feature-concealer-pore-blur-10,0,16,0%,46.56
https://qualia-navi.vercel.app/articles/feature-age-30s-foundation-10,0,16,0%,63.38
https://qualia-navi.vercel.app/features/blog-skincare-toner-guide-by-concern,0,15,0%,4.6
https://qualia-navi.vercel.app/features/blog-bad-breath-care,0,15,0%,5.13
https://qualia-navi.vercel.app/articles/art-seo-query-concealer-canmake-bear-cover,0,15,0%,10.73
https://qualia-navi.vercel.app/articles/art-remover-bifesta-eye-makeup-remover,0,15,0%,11.73
https://qualia-navi.vercel.app/articles/art-rei-ive-age20s-essence-cover-pact,0,15,0%,11.8
https://qualia-navi.vercel.app/articles/art-scene-busy-mom-morning-speed,0,15,0%,13.73
https://qualia-navi.vercel.app/articles/feature-gift-for-women-cosmetics-10,0,15,0%,47.2
https://qualia-navi.vercel.app/articles/art-sachiko-lypo-c-effects-timing-guide,0,15,0%,51.33
https://qualia-navi.vercel.app/articles/art-peri-eyelash-coating-essence-lash-lift-2026,0,15,0%,54.6
https://qualia-navi.vercel.app/articles/feature-age-50s-skincare-10,0,15,0%,92.53
https://qualia-navi.vercel.app/articles/feature-niziu-tieup-cosmetics-guide,0,14,0%,2.71
https://qualia-navi.vercel.app/articles/art-lashcoat-lash-essence-clear-coating,0,14,0%,6.5
https://qualia-navi.vercel.app/articles/art-dupe-shu-uemura-vs-kose,0,14,0%,7.07
https://qualia-navi.vercel.app/articles/art-peri-reedle-shot-levels-comparison-guide-2026,0,14,0%,9.93
https://qualia-navi.vercel.app/articles/feature-5-lip-plumper-volume-gloss,0,14,0%,44.79
https://qualia-navi.vercel.app/articles/feature-foundation-oily-skin-matte-10,0,14,0%,52.86
https://qualia-navi.vercel.app/articles/art-seo-query-vt-cica-mask-redness-calming,0,13,0%,3.54
https://qualia-navi.vercel.app/articles/topic-lip-fwee-puddingpot,0,13,0%,11.08
https://qualia-navi.vercel.app/articles/art-lasheye-msh-loveliner-liquid,0,13,0%,13
https://qualia-navi.vercel.app/articles/art-lipscrub-canmake-plump-lip-care-scrub,0,13,0%,14.31
https://qualia-navi.vercel.app/articles/feature-gift-for-friends-cosmetics-10,0,13,0%,64.62
https://qualia-navi.vercel.app/articles/art-peri-azelaic-acid-sebum-acne-ranking-2026,0,13,0%,75.23
https://qualia-navi.vercel.app/articles/art-womens-sensitive-skin-care-10-ranking-comparison-2026,0,12,0%,3.5
https://qualia-navi.vercel.app/articles/product-cc-moist-addiction,0,12,0%,8.67
https://qualia-navi.vercel.app/articles/topic-makeup-decorte-zenwear,0,12,0%,9.83
https://qualia-navi.vercel.app/articles/art-sachiko-autumn-2026-makeup-lip-trends,0,12,0%,10.75
https://qualia-navi.vercel.app/articles/art-chaewon-lesserafim-makeup-forever,0,12,0%,17.58
https://qualia-navi.vercel.app/articles/product-lip26-re-opera01,0,12,0%,34.75
https://qualia-navi.vercel.app/articles/topic-hair-diane-repair,0,12,0%,35.75
https://qualia-navi.vercel.app/articles/feature-5-self-eyelash-perm-kit-lift-curling,0,12,0%,37.83
https://qualia-navi.vercel.app/articles/art-peri-sensitive-skin-nonchemical-uv-2026,0,12,0%,38.17
https://qualia-navi.vercel.app/articles/feature-5-hair-scalp-uv-protection-spray,0,12,0%,64.58
https://qualia-navi.vercel.app/articles/art-seo-query-chanel-chance-hair-mist-fragrance,0,11,0%,2.64
https://qualia-navi.vercel.app/articles/art-seo-query-aging-care-serum-starting-age,0,11,0%,5.18
https://qualia-navi.vercel.app/articles/art-geo-kawasaki-kate-lipmon,0,11,0%,7.09
https://qualia-navi.vercel.app/articles/art-seo-query-dupe-eyeshadow-canmake,0,11,0%,7.45
https://qualia-navi.vercel.app/articles/art-browmasc-heavy-rotation-coloring-eyebrow,0,11,0%,8.27
https://qualia-navi.vercel.app/articles/art-lipscrub-canmake-plump-lip-care,0,11,0%,11.27
https://qualia-navi.vercel.app/articles/art-silkleg-loose-fit-night-leg-relaxation,0,11,0%,12
https://qualia-navi.vercel.app/articles/feature-5-silk-pillowcase-hair-skin-care,0,11,0%,12.36
https://qualia-navi.vercel.app/articles/art-mascrem-fasio-easy-mascara-remover,0,11,0%,13.27
https://qualia-navi.vercel.app/features/blog-lip-elegant-colors-for-adults,0,11,0%,13.36
https://qualia-navi.vercel.app/articles/art-lashcomb-portable-brow-lash-styling-comb,0,11,0%,13.45
https://qualia-navi.vercel.app/articles/topic-body-summerseve,0,11,0%,13.64
https://qualia-navi.vercel.app/articles/feature-5-scalp-massage-paddle-brush,0,11,0%,20.82
https://qualia-navi.vercel.app/articles/art-sachiko-keana-suction-device-ranking,0,11,0%,32.55
https://qualia-navi.vercel.app/articles/art-sachiko-50s-kounenki-skincare-guide,0,11,0%,71.73
https://qualia-navi.vercel.app/articles/art-browmascara-heavy-rotation-coloring,0,10,0%,6.7
https://qualia-navi.vercel.app/articles/product-pr-tone-jillstuart,0,10,0%,7.8
https://qualia-navi.vercel.app/articles/topic-suncare-skinaqua-toneup,0,10,0%,11.7
https://qualia-navi.vercel.app/articles/art-rescue-mens-body-odor,0,10,0%,12.4
https://qualia-navi.vercel.app/articles/art-stick-john-masters-hair-mascara,0,10,0%,16.4
https://qualia-navi.vercel.app/articles/topic-body-ban-sweatblock,0,10,0%,24.6
https://qualia-navi.vercel.app/articles/feature-5-lip-tint-remover-cleansing,0,10,0%,25.1
https://qualia-navi.vercel.app/articles/product-fd-stay-lancome,0,10,0%,45.4
https://qualia-navi.vercel.app/articles/art-peri-acne-patch-spots-care-ranking-2026,0,10,0%,48.2
https://qualia-navi.vercel.app/articles/art-pore-obagi-c25-serum-neo,0,9,0%,8.22
https://qualia-navi.vercel.app/articles/art-jin-bts-laneige-cream-skin-cushion,0,9,0%,9.33
https://qualia-navi.vercel.app/articles/art-pore-medicube-zero-pore-pad,0,9,0%,10.11
https://qualia-navi.vercel.app/articles/art-seo-query-nars-blush-n-natural-flush,0,9,0%,10.11
https://qualia-navi.vercel.app/articles/art-dryshampoo-diane-perfect-beauty,0,9,0%,10.44
https://qualia-navi.vercel.app/articles/product-ag-20s-sk-vt-reedle,0,9,0%,10.89
https://qualia-navi.vercel.app/articles/art-sachiko-curel-sebum-trouble-care-gel-review,0,9,0%,11
https://qualia-navi.vercel.app/articles/product-cc-moist-cezanne,0,9,0%,12
https://qualia-navi.vercel.app/articles/art-silkglove-touchscreen-silk-moist-gloves,0,9,0%,12.56
https://qualia-navi.vercel.app/articles/product-ag-30s-sk-decorte-lipo,0,9,0%,13.78
https://qualia-navi.vercel.app/articles/art-nono-hana-ichikami-smooth-care,0,9,0%,18
https://qualia-navi.vercel.app/articles/product-lip26-de-rmk,0,8,0%,5
https://qualia-navi.vercel.app/articles/art-cosme-kuchikomi-review-2026-real,0,8,0%,6.62
https://qualia-navi.vercel.app/articles/art-seo-query-scalp-itch-odor-shampoo,0,8,0%,7
https://qualia-navi.vercel.app/articles/art-hair-dye-10-color-ranking-2026,0,8,0%,7.38
https://qualia-navi.vercel.app/articles/art-rose-blackpink-ysl-makeup,0,8,0%,8.12
https://qualia-navi.vercel.app/articles/art-hair-dye-red-10-ranking-comparison-2026,0,8,0%,8.25
https://qualia-navi.vercel.app/articles/product-gf-frd-laka-lip,0,8,0%,8.25
https://qualia-navi.vercel.app/features,0,8,0%,8.25
https://qualia-navi.vercel.app/articles/art-seo-query-retinol-order,0,8,0%,8.5
https://qualia-navi.vercel.app/articles/art-mega10-gel-eyeliner-canmake-creamy-touch-liner,0,8,0%,9.12
https://qualia-navi.vercel.app/articles/art-pc-peripera-all-take-mood-palette,0,8,0%,9.38
https://qualia-navi.vercel.app/articles/product-sc-wed-suqqu-shadow,0,8,0%,9.38
https://qualia-navi.vercel.app/articles/art-mega10-gel-eyeliner-kate-rare-fit-gel-pencil,0,8,0%,9.62
https://qualia-navi.vercel.app/articles/art-seo-query-napla-n-natural-balm-styling,0,8,0%,10.88
https://qualia-navi.vercel.app/articles/art-seo-query-jillstuart-bodymilk-whitefloral-moisture,0,8,0%,11.75
https://qualia-navi.vercel.app/articles/product-gf-wom-jill-hand,0,8,0%,15.12
https://qualia-navi.vercel.app/articles/product-gf-xmas-suqqu-shadow,0,8,0%,15.38
https://qualia-navi.vercel.app/articles/product-pr-stay-cezanne,0,8,0%,15.88
https://qualia-navi.vercel.app/articles/art-sachiko-makeup-remover-tarumi-cleansing-review,0,8,0%,19.75
https://qualia-navi.vercel.app/articles/topic-body-seabreeze,0,8,0%,22.25
https://qualia-navi.vercel.app/articles/feature-5-eyebrow-coat-top-smudgeproof-waterproof,0,8,0%,26.62
https://qualia-navi.vercel.app/articles/art-sachiko-lypoc-vitamin-c-timing-effects,0,8,0%,40.12
https://qualia-navi.vercel.app/articles/feature-megumi-favorite-skincare-complete-guide,0,8,0%,57
https://qualia-navi.vercel.app/articles/feature-age-50s-foundation-10,0,8,0%,69.88
https://qualia-navi.vercel.app/articles/feature-foundation-poreless-stay-10,0,8,0%,70.12
https://qualia-navi.vercel.app/articles/product-lip26-st-maybelline,0,7,0%,5
https://qualia-navi.vercel.app/articles/product-fd-drop-rmk-gel,0,7,0%,6.14
https://qualia-navi.vercel.app/articles/art-sachiko-elixir-retinopower-wrinkle-cream-deal-2026,0,7,0%,8.71
https://qualia-navi.vercel.app/articles/art-dry-curel-intensive-moisture-facial-cream,0,7,0%,9.29
https://qualia-navi.vercel.app/articles/art-shampbrush-silicone-head-spa-cleaner,0,7,0%,9.71
https://qualia-navi.vercel.app/articles/art-selfperm-eyelash-perm-glue-safe,0,7,0%,10
https://qualia-navi.vercel.app/articles/topic-body-biore-powdersheet,0,7,0%,11.29
https://qualia-navi.vercel.app/articles/feature-nono-girls-hana-suncut-uv-complete,0,7,0%,12.71
https://qualia-navi.vercel.app/articles/art-silkpillow-lillysilk-pure-mulberry,0,7,0%,14.57
https://qualia-navi.vercel.app/articles/art-mega10-colorcon-hapa-kristin-one-day,0,7,0%,15
https://qualia-navi.vercel.app/articles/art-scalpcool-hacci-scalp-cooling-mist,0,7,0%,19.57
https://qualia-navi.vercel.app/articles/product-fd-oily-innisfree,0,7,0%,26.86
https://qualia-navi.vercel.app/articles/art-meguro-ren-je-laime-haircare-routine,0,7,0%,33
https://qualia-navi.vercel.app/articles/art-peri-eye-shampoo-lash-hygiene-2026,0,7,0%,39
https://qualia-navi.vercel.app/articles/feature-personal-color-warm-spring-lip-10,0,7,0%,43.71
https://qualia-navi.vercel.app/articles/feature-warm-autumn-brown-lips-10,0,7,0%,60
https://qualia-navi.vercel.app/articles/feature-age-20s-skincare-10,0,7,0%,95.14
https://qualia-navi.vercel.app/articles/art-peri-heat-protect-hair-oil-iron-2026,0,6,0%,6
https://qualia-navi.vercel.app/articles/art-peri-leave-on-lip-scrub-stick-2026,0,6,0%,7.67
https://qualia-navi.vercel.app/articles/art-seo-query-chanel-chance-eau-tendre-hair-mist,0,6,0%,7.83
https://qualia-navi.vercel.app/articles/art-dupe-suqqu-vs-excel,0,6,0%,8.33
https://qualia-navi.vercel.app/articles/art-spatula-fillimilli-dual-makeup-spatula-cushion,0,6,0%,8.33
https://qualia-navi.vercel.app/articles/product-cc-stay-thesaem,0,6,0%,8.33
https://qualia-navi.vercel.app/articles/art-aegyosal-cezanne-drawing-double-eyelid-liner,0,6,0%,8.83
https://qualia-navi.vercel.app/articles/art-browbleach-epilat-bleach-sensitive,0,6,0%,9
https://qualia-navi.vercel.app/articles/art-dupe-cledepeau-vs-cezanne,0,6,0%,9
https://qualia-navi.vercel.app/articles/art-browserum-organic-botanical-eyebrow-oil,0,6,0%,10.5
https://qualia-navi.vercel.app/articles/art-seo-query-cosmedecorte-liposome-repair-serum,0,6,0%,10.67
https://qualia-navi.vercel.app/articles/product-ag-40s-sk-skii-skinpower,0,6,0%,11.17
https://qualia-navi.vercel.app/articles/art-mega10-niacinamide-cosdebaha-niacinamide-20-serum,0,6,0%,13.17
https://qualia-navi.vercel.app/articles/art-rescue-underarm-odor,0,6,0%,13.5
https://qualia-navi.vercel.app/articles/art-seo-query-rmk-makeup-base-smoothing,0,6,0%,13.67
https://qualia-navi.vercel.app/articles/art-toesep-medical-silicone-separator,0,6,0%,15.33
https://qualia-navi.vercel.app/articles/product-pr5k-lunasol-shadow,0,6,0%,16
https://qualia-navi.vercel.app/articles/art-curler-aluminum-heat-curler,0,6,0%,17.83
https://qualia-navi.vercel.app/articles/product-gf-20s-chanel-baume,0,6,0%,18.33
https://qualia-navi.vercel.app/articles/feature-cool-winter-red-lips-10,0,6,0%,20.67
https://qualia-navi.vercel.app/articles/art-wonjungyo-metal-shower-pencil-aegyo-sal,0,6,0%,35.33
https://qualia-navi.vercel.app/articles/feature-2026-autumn-master-cosmetics-guide,0,6,0%,37.17
https://qualia-navi.vercel.app/articles/feature-10-new-cosmetics-releases-guide-2026,0,6,0%,40.33
https://qualia-navi.vercel.app/articles/feature-foundation-dry-skin-moist-10,0,6,0%,48.17
https://qualia-navi.vercel.app/articles/feature-5-dry-shampoo-spray-bangs-volume-pro,0,6,0%,89.5
https://qualia-navi.vercel.app/articles/art-peri-feminine-whitening-soap-cream-guide-2026,0,5,0%,3.4
https://qualia-navi.vercel.app/articles/art-dupe-laroche-vs-canmake,0,5,0%,5.4
https://qualia-navi.vercel.app/articles/art-moka-iroha-illit-larocheposay-uv,0,5,0%,5.8
https://qualia-navi.vercel.app/articles/art-rakuten-obagi-c25,0,5,0%,5.8
https://qualia-navi.vercel.app/articles/art-rescue-scalp-smell,0,5,0%,6.2
https://qualia-navi.vercel.app/articles/art-seo-query-lauramercier-flawless-lumiere-cushion,0,5,0%,6.2
https://qualia-navi.vercel.app/articles/art-korea-cosme-skincare-2026-best10,0,5,0%,6.8
https://qualia-navi.vercel.app/articles/art-newcosme-shiseido-revitalessence-skin-glow-foundation,0,5,0%,7
https://qualia-navi.vercel.app/articles/art-mega10-enzyme-cleansing-melano-cc-foam,0,5,0%,7.4
https://qualia-navi.vercel.app/articles/art-geo-omiya-vt-reedle,0,5,0%,7.6
https://qualia-navi.vercel.app/articles/product-lip26-cs-chanel90,0,5,0%,8.6
https://qualia-navi.vercel.app/articles/art-geo-kichijoji-curel,0,5,0%,8.8
https://qualia-navi.vercel.app/articles/art-sana-twice-missha-vitac-skincare,0,5,0%,8.8
https://qualia-navi.vercel.app/articles/art-lipprimer-mac-prep-prime-lip-base,0,5,0%,9
https://qualia-navi.vercel.app/articles/art-mega10-fixmist-kose-make-keep-mist-ex,0,5,0%,9.4
https://qualia-navi.vercel.app/articles/feature-blackpink-luxury-cosmetics-guide,0,5,0%,9.4
https://qualia-navi.vercel.app/articles/art-herlipto-rich-glow-hair-oil,0,5,0%,10
https://qualia-navi.vercel.app/articles/art-kassa-metal-cooling-scalp-kassa,0,5,0%,10
https://qualia-navi.vercel.app/articles/art-yujin-ive-clio-blush-highlighter,0,5,0%,10.6
https://qualia-navi.vercel.app/articles/art-white-platinum-shampoo-10-ranking-comparison-2026,0,5,0%,11.2
https://qualia-navi.vercel.app/articles/feature-10-autumn-lip-masterpiece-2026,0,5,0%,11.6
https://qualia-navi.vercel.app/articles/art-scalppowder-canmake-oil-block-powder,0,5,0%,11.8
https://qualia-navi.vercel.app/articles/art-seo-query-suqqu-the-cream-foundation-luxury,0,5,0%,12.2
https://qualia-navi.vercel.app/articles/product-lip26-mo-laneige,0,5,0%,12.6
https://qualia-navi.vercel.app/articles/art-eyebrowcoat-kate-eyebrow-coat-lasting-lock,0,5,0%,13.4
https://qualia-navi.vercel.app/articles/art-spatula-piccasso-makeup-spatula,0,5,0%,13.4
https://qualia-navi.vercel.app/articles/product-ag-30s-sk-kanebo-cream,0,5,0%,13.4
https://qualia-navi.vercel.app/articles/feature-5-usb-heated-eyelash-curler,0,5,0%,14
https://qualia-navi.vercel.app/articles/art-ririmew-in-the-mirror-eye-palette,0,5,0%,14.2
https://qualia-navi.vercel.app/articles/product-cc-moist-lunasol,0,5,0%,14.8
https://qualia-navi.vercel.app/articles/product-pr-oil-canmake,0,5,0%,14.8
https://qualia-navi.vercel.app/articles/art-seo-query-mens-sunscreen-whitecast,0,5,0%,15.2
https://qualia-navi.vercel.app/articles/product-gf-frd-dior-lipglow,0,5,0%,15.2
https://qualia-navi.vercel.app/articles/art-wonjungyo-daily-mood-up-palette,0,5,0%,15.4
https://qualia-navi.vercel.app/articles/art-selfperm-y-comb-lash-separator,0,5,0%,15.8
https://qualia-navi.vercel.app/articles/product-pr10k-suqqu-eyeshadow,0,5,0%,16.2
https://qualia-navi.vercel.app/articles/feature-gift-for-40s-women-cosmetics-10,0,5,0%,16.6
https://qualia-navi.vercel.app/articles/art-pore-takami-skinpeel-essence,0,5,0%,17.6
https://qualia-navi.vercel.app/articles/feature-cool-summer-pink-lips-10,0,5,0%,20.4
https://qualia-navi.vercel.app/articles/product-sc-stu-innisfree-powder,0,5,0%,21.8
https://qualia-navi.vercel.app/articles/art-missha-sanrio-cinnamoroll-mymelo-serum-2026,0,5,0%,23.2
https://qualia-navi.vercel.app/articles/topic-hair-dryshampoo,0,5,0%,29.6
https://qualia-navi.vercel.app/articles/topic-suncare-orbis,0,5,0%,39.6
https://qualia-navi.vercel.app/articles/art-peri-uv-lip-cream-spf-ranking-2026,0,5,0%,40.4
https://qualia-navi.vercel.app/articles/feature-gift-for-girlfriend-cosmetics-10,0,5,0%,42.2
https://qualia-navi.vercel.app/articles/art-sachiko-paddle-brush-effects-guide,0,5,0%,45.2
https://qualia-navi.vercel.app/articles/feature-cool-summer-rose-lips-10,0,5,0%,46
https://qualia-navi.vercel.app/articles/art-peri-waterproof-eyeliner-smudgeproof-2026,0,5,0%,47.8
https://qualia-navi.vercel.app/articles/feature-price-dupes-under-1000-10,0,5,0%,53.6
https://qualia-navi.vercel.app/articles/art-watanabe-shota-albion-flarune-skicon,0,5,0%,54.6
https://qualia-navi.vercel.app/articles/feature-5-neck-cream-decollete-firming,0,5,0%,74.8
https://qualia-navi.vercel.app/articles/art-sachiko-sea-breeze-price-effects-comparison,0,4,0%,4
https://qualia-navi.vercel.app/articles/art-precleansing-muji-jojoba-oil-scalp,0,4,0%,7
https://qualia-navi.vercel.app/articles/topic-suncare-allie,0,4,0%,7.5
https://qualia-navi.vercel.app/articles/art-jimin-bts-lador-dior-hair-lip,0,4,0%,7.75
https://qualia-navi.vercel.app/articles/product-gf-30s-kanebo-day,0,4,0%,7.75
https://qualia-navi.vercel.app/articles/art-geo-kanazawa-decorte-aq,0,4,0%,8
https://qualia-navi.vercel.app/articles/art-seo-query-cledepeaubeaute-voile-correcteur-primer,0,4,0%,8.5
https://qualia-navi.vercel.app/articles/art-mega10-enzyme-fancl-deep-clear-washing-powder,0,4,0%,8.75
https://qualia-navi.vercel.app/articles/art-rescue-scalp-oil-dandruff,0,4,0%,9
https://qualia-navi.vercel.app/articles/art-yujin-ive-clio-pro-eye-palette-air,0,4,0%,9
https://qualia-navi.vercel.app/articles/art-eyemask-salua-rechargeable-hot-eye-mask-silk,0,4,0%,9.25
https://qualia-navi.vercel.app/articles/art-mega10-liquid-blush-fwee-lip-and-cheek-pudding-pot,0,4,0%,9.25
https://qualia-navi.vercel.app/articles/art-mega10-shadow-liner-bbia-last-auto-gel-liner,0,4,0%,9.25
https://qualia-navi.vercel.app/articles/topic-makeup-wakemake-eyepalette,0,4,0%,9.5
https://qualia-navi.vercel.app/articles/art-aespa-mise-en-scene-perfect-serum,0,4,0%,10
https://qualia-navi.vercel.app/articles/product-cc-acne-canmake-uv,0,4,0%,10.5
https://qualia-navi.vercel.app/articles/art-sashihara-rino-favorite-luxury-skincare,0,4,0%,11.25
https://qualia-navi.vercel.app/articles/product-pr1k-canmake-powder,0,4,0%,11.5
https://qualia-navi.vercel.app/articles/product-lip26-mo-dior001,0,4,0%,12
https://qualia-navi.vercel.app/articles/art-seo-query-dior-addict-lip-glow-balm,0,4,0%,14
https://qualia-navi.vercel.app/articles/art-autlook-visee-glow-trick-highlighter,0,4,0%,14.5
https://qualia-navi.vercel.app/articles/art-jeonghan-seventeen-banilaco-clean-it-zero,0,4,0%,16.25
https://qualia-navi.vercel.app/articles/art-rakuten-lancome-genifique,0,4,0%,16.25
https://qualia-navi.vercel.app/articles/art-scalppowder-innisfree-no-sebum-powder,0,4,0%,17
https://qualia-navi.vercel.app/articles/art-nailoil-uka-nail-oil-pocket-stick,0,4,0%,17.5
https://qualia-navi.vercel.app/articles/feature-5-carbonated-foam-face-wash,0,4,0%,17.5
https://qualia-navi.vercel.app/articles/feature-5-eyelash-extension-coating-essence,0,4,0%,17.5
https://qualia-navi.vercel.app/articles/product-lip26-tr-kate,0,4,0%,17.75
https://qualia-navi.vercel.app/articles/art-sho-hirano-ysl-clutch-gift-collection,0,4,0%,18.5
https://qualia-navi.vercel.app/articles/art-lip-romand-juicy-lasting-tint-eat-dotori,0,4,0%,24
https://qualia-navi.vercel.app/articles/feature-5-sugar-lip-scrub-exfoliator-peeling,0,4,0%,24.25
https://qualia-navi.vercel.app/articles/art-rakuten-campaign-monthly-calendar-timing,0,4,0%,26.25
https://qualia-navi.vercel.app/articles/product-ag-40s-fd-maquillage,0,4,0%,28
https://qualia-navi.vercel.app/articles/feature-5-point-makeup-remover-gentle,0,4,0%,29
https://qualia-navi.vercel.app/articles/topic-device-vitalift,0,4,0%,31.5
https://qualia-navi.vercel.app/articles/art-feat3-laroche-peel,0,4,0%,31.75
https://qualia-navi.vercel.app/articles/art-seo-query-eyeshadow-base-longlasting,0,4,0%,32
https://qualia-navi.vercel.app/articles/art-feat1-anua-darkspot,0,4,0%,34.25
https://qualia-navi.vercel.app/articles/art-remover-chifure-non-acetone-nail-remover,0,4,0%,47.25
https://qualia-navi.vercel.app/articles/feature-5-lip-primer-base-crease-smoother,0,4,0%,48.25
https://qualia-navi.vercel.app/articles/art-sachiko-elbow-dark-spots-smooth-skin-guide,0,4,0%,52.25
https://qualia-navi.vercel.app/articles/feature-age-40s-foundation-10,0,4,0%,56.5
https://qualia-navi.vercel.app/features/blog-personal-color-flush-blood-color-top10,0,4,0%,61.75
https://qualia-navi.vercel.app/articles/art-sho-hirano-ysl-loveshine-lip,0,4,0%,69.5
https://qualia-navi.vercel.app/features/blog-late-summer-hip-body-care,0,3,0%,2.33
https://qualia-navi.vercel.app/articles/art-hairmilk-milbon-elujuda-emulsion-plus,0,3,0%,2.67
https://qualia-navi.vercel.app/articles/art-misamo-twice-fragrance-gift-collection,0,3,0%,5.33
https://qualia-navi.vercel.app/articles/art-kbeauty-cosrx-advanced-snail-96-mucin-essence,0,3,0%,5.67
https://qualia-navi.vercel.app/articles/feature-10-korean-cosmetics-best-ranking-2026,0,3,0%,5.67
https://qualia-navi.vercel.app/articles/art-faceshaver-panasonic-ferie-face-shaver-pro,0,3,0%,6
https://qualia-navi.vercel.app/articles/art-porevac-water-circulation-hydro-facial-cleaner,0,3,0%,6
https://qualia-navi.vercel.app/articles/product-ag-40s-fd-amplitude,0,3,0%,6
https://qualia-navi.vercel.app/articles/art-scene-lip-mask-stain-free,0,3,0%,6.33
https://qualia-navi.vercel.app/articles/feature-2026-autumn-korean-cosme-recommended-10,0,3,0%,6.33
https://qualia-navi.vercel.app/articles/art-sachiko-nivea-men-uv-sunscreen-guide,0,3,0%,6.67
https://qualia-navi.vercel.app/articles/art-yunah-illit-tirtir-contour-makeup,0,3,0%,6.67
https://qualia-navi.vercel.app/articles/product-cc-pore-cezanne,0,3,0%,6.67
https://qualia-navi.vercel.app/articles/art-mega10-highlight-palette-dior-backstage-glow-face-palette,0,3,0%,7.33
https://qualia-navi.vercel.app/articles/art-scene-cushion-foundation-flawless,0,3,0%,7.33
https://qualia-navi.vercel.app/articles/product-fd-drop-kose-keepmist,0,3,0%,7.33
https://qualia-navi.vercel.app/articles/art-cleantowel-ito-cleansing-towel-roll,0,3,0%,8
https://qualia-navi.vercel.app/articles/art-cleantowel-thick-emboss-cleansing-sheet,0,3,0%,8
https://qualia-navi.vercel.app/articles/art-diag-cool-summer-shadow,0,3,0%,8
https://qualia-navi.vercel.app/articles/art-peri-bangs-keep-mist-spray-humidity-2026,0,3,0%,8
https://qualia-navi.vercel.app/articles/feature-an-yujin-ive-clio-complete-guide,0,3,0%,8
https://qualia-navi.vercel.app/articles/product-lip26-gl-laka,0,3,0%,8
https://qualia-navi.vercel.app/articles/art-pore-innisfree-pore-blur-powder,0,3,0%,8.33
https://qualia-navi.vercel.app/articles/product-pr-oil-primavista,0,3,0%,8.33
https://qualia-navi.vercel.app/articles/art-browmascara-romand-han-all-brow,0,3,0%,8.67
https://qualia-navi.vercel.app/articles/art-fndbrush-fillimilli-v-cut-foundation-brush,0,3,0%,8.67
https://qualia-navi.vercel.app/articles/art-seo-query-cledepeaubeaute-voile-correcteur-n-base,0,3,0%,8.67
https://qualia-navi.vercel.app/articles/art-stick-matomage-hair-styling-stick,0,3,0%,8.67
https://qualia-navi.vercel.app/articles/product-ag-50s-sk-dior-prestige-crm,0,3,0%,8.67
https://qualia-navi.vercel.app/articles/art-lashbrush-stem-cell-eyelash-intensive-liner,0,3,0%,9
https://qualia-navi.vercel.app/articles/topic-suncare-anessa,0,3,0%,9
https://qualia-navi.vercel.app/articles/art-fixmist-tirtir-mask-fit-make-up-fixer,0,3,0%,9.33
https://qualia-navi.vercel.app/articles/art-gal-never-die-neverdie-blue,0,3,0%,9.33
https://qualia-navi.vercel.app/articles/art-peri-niacinamide-serum-lotion-ranking-2026,0,3,0%,9.33
https://qualia-navi.vercel.app/articles/art-ririmew-toneup-primer-base,0,3,0%,9.33
https://qualia-navi.vercel.app/articles/art-seo-query-jillstuart-handcream-whitefloral,0,3,0%,9.33
https://qualia-navi.vercel.app/articles/art-seo-query-shiseido-ultimune-power-infusing-serum,0,3,0%,9.33
https://qualia-navi.vercel.app/articles/art-newcosme-kanebo-comfort-stretchy-wash,0,3,0%,9.67
https://qualia-navi.vercel.app/articles/product-sc-stu-cezanne-lip,0,3,0%,9.67
https://qualia-navi.vercel.app/articles/topic-skincare-albion-skincon,0,3,0%,9.67
https://qualia-navi.vercel.app/articles/feature-10-budget-cosmetics-under-3000-2026,0,3,0%,10
https://qualia-navi.vercel.app/articles/feature-5-mini-silicone-makeup-spatula,0,3,0%,10
https://qualia-navi.vercel.app/articles/art-mega10-suncream-skin1004-hyalu-cica-water-fit,0,3,0%,10.33
https://qualia-navi.vercel.app/articles/product-lip26-ne-cezanne02,0,3,0%,10.33
https://qualia-navi.vercel.app/articles/topic-skincare-bioderma-sensibio,0,3,0%,10.33
https://qualia-navi.vercel.app/articles/art-seo-query-dior-capture-totale-cell-energy-serum,0,3,0%,10.67
https://qualia-navi.vercel.app/articles/product-gf-u3k-romand-tint,0,3,0%,10.67
https://qualia-navi.vercel.app/articles/art-lipscrub-innisfree-green-tea-lip-scrub-moist,0,3,0%,11
https://qualia-navi.vercel.app/articles/art-sana-twice-ysl-loveshine-lip,0,3,0%,11
https://qualia-navi.vercel.app/articles/product-fd-stay-kate,0,3,0%,11
https://qualia-navi.vercel.app/articles/art-nono-hana-suncut-prodefense-toughness,0,3,0%,11.33
https://qualia-navi.vercel.app/articles/product-gf-frd-sabon-hand,0,3,0%,11.33
https://qualia-navi.vercel.app/articles/feature-5-silk-scrunchie-hair-damage-free,0,3,0%,11.67
https://qualia-navi.vercel.app/articles/product-lip26-wa-kate10,0,3,0%,11.67
https://qualia-navi.vercel.app/articles/art-gray-fujiko-dikosme-hair-shadow,0,3,0%,12
https://qualia-navi.vercel.app/articles/art-lipliner-heart-percent-doute-pencil,0,3,0%,12
https://qualia-navi.vercel.app/articles/art-lashbrush-lash-addict-eyelash-conditioning-serum,0,3,0%,13.67
https://qualia-navi.vercel.app/articles/art-sachiko-lancome-genifique-deal-guide,0,3,0%,13.67
https://qualia-navi.vercel.app/articles/product-pcl-wab-cezanne03,0,3,0%,14.33
https://qualia-navi.vercel.app/articles/product-pr2k-kate-lipmonster,0,3,0%,14.33
https://qualia-navi.vercel.app/articles/art-seo-query-suqqu-the-loose-powder-translucent,0,3,0%,14.67
https://qualia-navi.vercel.app/articles/art-diag-warm-autumn-lip,0,3,0%,15.33
https://qualia-navi.vercel.app/articles/art-seo-query-eyelash-serum-no-pigmentation,0,3,0%,15.67
https://qualia-navi.vercel.app/articles/art-liprem-etude-all-finish-lip-tint-eraser,0,3,0%,17
https://qualia-navi.vercel.app/articles/product-fd-comb-rmk-flawless,0,3,0%,17.33
https://qualia-navi.vercel.app/articles/feature-5-gift-reward-cosme,0,3,0%,18
https://qualia-navi.vercel.app/articles/art-cosme-skincare-allround-2026-10sen,0,3,0%,19
https://qualia-navi.vercel.app/articles/product-sc-ovn-suppin-cream,0,3,0%,19
https://qualia-navi.vercel.app/articles/art-lipscrub-lush-lip-scrub-bubblegum,0,3,0%,19.67
https://qualia-navi.vercel.app/articles/art-feat1-manyo-galac,0,3,0%,20.67
https://qualia-navi.vercel.app/articles/art-pointcurler-shiseido-mini-eyelash-curler-215,0,3,0%,21
https://qualia-navi.vercel.app/articles/art-sachiko-loa-the-oil-hair-body-care-guide,0,3,0%,22.67
https://qualia-navi.vercel.app/articles/product-sc-off-decorte-powder,0,3,0%,27
https://qualia-navi.vercel.app/articles/feature-autumn-red-lips-collection-10,0,3,0%,27.33
https://qualia-navi.vercel.app/articles/topic-skincare-suisai-powder,0,3,0%,27.33
https://qualia-navi.vercel.app/articles/art-niziu-tilnus-sunlit-pearl-tint,0,3,0%,31.67
https://qualia-navi.vercel.app/articles/feature-primer-long-lasting-stay-10,0,3,0%,34
https://qualia-navi.vercel.app/articles/art-mega10-hairmilk-orbis-essence-in-hair-milk,0,3,0%,35
https://qualia-navi.vercel.app/articles/art-seo-query-orbis-u-lotion-aging-care-texture,0,3,0%,35.33
https://qualia-navi.vercel.app/articles/art-sanrio-cosme-gift-2026,0,3,0%,35.67
https://qualia-navi.vercel.app/articles/art-wonjungyo-skin-pack-prep-care,0,3,0%,38.67
https://qualia-navi.vercel.app/articles/feature-10-ultimate-trending-cosmetics-breakthrough-2026,0,3,0%,40
https://qualia-navi.vercel.app/articles/art-peri-glycerin-free-skincare-acne-pore-2026,0,3,0%,51.33
https://qualia-navi.vercel.app/articles/art-peri-highlighter-kuma-glow-ranking-2026,0,3,0%,54.33
https://qualia-navi.vercel.app/articles/art-peri-clay-facial-wash-keana-ranking-2026,0,3,0%,54.67
https://qualia-navi.vercel.app/articles/art-peri-lip-balm-treatment-ranking-2026,0,3,0%,61
https://qualia-navi.vercel.app/articles/art-peri-silk-night-cap-hair-care-2026,0,3,0%,61.33
https://qualia-navi.vercel.app/articles/art-peri-carbonated-shampoo-scalp-ranking-2026,0,3,0%,62.33
https://qualia-navi.vercel.app/articles/feature-age-40s-skincare-10,0,3,0%,90
https://qualia-navi.vercel.app/articles/feature-autumn-lips-warm-autumn-10,0,3,0%,94.67
https://qualia-navi.vercel.app/articles/art-seo-query-gift-girlfriend-5000yen,0,2,0%,1
https://qualia-navi.vercel.app/articles/feature-2026-trending-celebrity-cosmetics-guide,0,2,0%,1
https://qualia-navi.vercel.app/articles/art-megumi-serum-lift-up-skincare,0,2,0%,2
https://qualia-navi.vercel.app/articles/art-minju-illit-mute-eye-makeup,0,2,0%,2.5
https://qualia-navi.vercel.app/articles/feature-concealer-acne-scars-10,0,2,0%,2.5
https://qualia-navi.vercel.app/articles/product-pcl-cwr-dior999,0,2,0%,2.5
https://qualia-navi.vercel.app/features/blog-body-care-fresh-summer-top10,0,2,0%,3
https://qualia-navi.vercel.app/articles/product-gf-u5k-shiro-parfum,0,2,0%,3.5
https://qualia-navi.vercel.app/articles/product-ag-20s-sk-manyo,0,2,0%,4
https://qualia-navi.vercel.app/articles/art-sakura-lesserafim-luna-primera-molak,0,2,0%,4.5
https://qualia-navi.vercel.app/,0,2,0%,5
https://qualia-navi.vercel.app/articles/art-misamo-refa-heart-brush-lock-oil,0,2,0%,5
https://qualia-navi.vercel.app/articles/feature-autumn-korean-trendy-makeup-10,0,2,0%,5
https://qualia-navi.vercel.app/articles/product-gf-u3k-pauljoe-hand,0,2,0%,5
https://qualia-navi.vercel.app/articles/art-mega10-lash-serum-lashaddict-eyelash-conditioning,0,2,0%,5.5
https://qualia-navi.vercel.app/articles/art-mega10-lip-romand-juicy-lasting-tint,0,2,0%,5.5
https://qualia-navi.vercel.app/articles/product-sc-nat-cezanne-blush,0,2,0%,5.5
https://qualia-navi.vercel.app/articles/art-browbleach-natural-eyebrow-lightener,0,2,0%,6
https://qualia-navi.vercel.app/articles/art-scene-stayover-no-makeup,0,2,0%,6
https://qualia-navi.vercel.app/articles/product-pcl-cs-cezanne05,0,2,0%,6
https://qualia-navi.vercel.app/articles/art-budget-hada-labo-gokujyun-premium-lotion,0,2,0%,6.5
https://qualia-navi.vercel.app/articles/art-dupe-olaplex-vs-fino,0,2,0%,6.5
https://qualia-navi.vercel.app/articles/feature-autumn-students-school-makeup-10,0,2,0%,6.5
https://qualia-navi.vercel.app/articles/feature-wonjungyo-korean-idol-makeup-guide,0,2,0%,6.5
https://qualia-navi.vercel.app/articles/product-lip26-cw-canmake03,0,2,0%,6.5
https://qualia-navi.vercel.app/articles/art-mega10-handcream-loccitane-shea-butter,0,2,0%,7
https://qualia-navi.vercel.app/articles/art-sens-etvos-mineral-inner-treatment-base,0,2,0%,7
https://qualia-navi.vercel.app/articles/feature-5-lash-growth-eyeliner-2in1,0,2,0%,7
https://qualia-navi.vercel.app/articles/product-lip26-ne-cezanne01,0,2,0%,7
https://qualia-navi.vercel.app/articles/product-sc-trv-vt-cica-mask,0,2,0%,7
https://qualia-navi.vercel.app/articles/art-diag-cool-winter-shadow,0,2,0%,7.5
https://qualia-navi.vercel.app/articles/art-gray-priol-hair-foundation,0,2,0%,7.5
https://qualia-navi.vercel.app/articles/art-herlipto-lip-to-love-serum-makeup,0,2,0%,7.5
https://qualia-navi.vercel.app/articles/art-mega10-cica-bodylotion-illiyoon-ceramide-ato-lotion,0,2,0%,7.5
https://qualia-navi.vercel.app/articles/art-mega10-palette-dasique-shadow-palette-milk-latte,0,2,0%,7.5
https://qualia-navi.vercel.app/articles/art-paddlebrush-aveda-wooden-paddle,0,2,0%,7.5
https://qualia-navi.vercel.app/articles/product-cc-stay-cezanne,0,2,0%,7.5
https://qualia-navi.vercel.app/articles/product-lip26-de-ysl-candy,0,2,0%,7.5
https://qualia-navi.vercel.app/articles/product-lip26-ma-romand06,0,2,0%,7.5
https://qualia-navi.vercel.app/articles/art-autumn-suqqu-signature-color-eyes,0,2,0%,8
https://qualia-navi.vercel.app/articles/art-mega10-toneup-base-la-roche-posay-uv-idea-xl-rosy,0,2,0%,8
https://qualia-navi.vercel.app/articles/art-scene-hand-wash-frequent-care,0,2,0%,8
https://qualia-navi.vercel.app/articles/art-seo-query-niacinamide-vitc,0,2,0%,8
https://qualia-navi.vercel.app/articles/art-silkmask-coco-silk-sleep-eye-mask,0,2,0%,8
https://qualia-navi.vercel.app/articles/art-spatula-stainless-makeup-palette,0,2,0%,8
https://qualia-navi.vercel.app/articles/art-dryshampoo-fujiko-fpp-hair-powder-bangs-clear,0,2,0%,8.5
https://qualia-navi.vercel.app/articles/art-feat1-innisfree-vitc,0,2,0%,8.5
https://qualia-navi.vercel.app/articles/art-gal-never-die-hot-tea-brown,0,2,0%,8.5
https://qualia-navi.vercel.app/articles/art-kbeauty-mediheal-tea-tree-essential-mask-ex,0,2,0%,8.5
https://qualia-navi.vercel.app/articles/art-mega10-eyebrow-romand-han-all-brow-cara,0,2,0%,8.5
https://qualia-navi.vercel.app/articles/art-peri-overnight-lip-pack-repair-2026,0,2,0%,8.5
https://qualia-navi.vercel.app/articles/art-scalpbrush-uka-kenzan-scalp-brush-barikatan-pro,0,2,0%,8.5
https://qualia-navi.vercel.app/articles/product-lip26-br-canmake02,0,2,0%,8.5
https://qualia-navi.vercel.app/articles/product-sc-stu-canmake-palette,0,2,0%,8.5
https://qualia-navi.vercel.app/articles/art-dry-cosmedecorte-liposome-advanced-repair-cream,0,2,0%,9
https://qualia-navi.vercel.app/articles/art-eyecream-elixir-retinol-wrinkle-cream,0,2,0%,9
https://qualia-navi.vercel.app/articles/art-lashglue-koji-spring-heart-eyelash-fix,0,2,0%,9
https://qualia-navi.vercel.app/articles/art-mega10-pore-primer-benefit-the-porefessional,0,2,0%,9
https://qualia-navi.vercel.app/articles/art-peri-lip-tint-moist-are-nai-ranking-2026,0,2,0%,9
https://qualia-navi.vercel.app/articles/art-rakuten-sapporo-fancl-cleansing,0,2,0%,9
https://qualia-navi.vercel.app/articles/art-shampbrush-soft-sensitive-scalp-massage,0,2,0%,9
https://qualia-navi.vercel.app/articles/product-cc-acne-thesaem,0,2,0%,9
https://qualia-navi.vercel.app/articles/product-fd-comb-decorte-zen,0,2,0%,9
https://qualia-navi.vercel.app/articles/product-fd-dry-cledepeau,0,2,0%,9
https://qualia-navi.vercel.app/articles/product-fd-dry-curel-bb,0,2,0%,9
https://qualia-navi.vercel.app/articles/topic-body-biore,0,2,0%,9
https://qualia-navi.vercel.app/articles/topic-body-deonature,0,2,0%,9
https://qualia-navi.vercel.app/articles/topic-lip-romand,0,2,0%,9
https://qualia-navi.vercel.app/articles/art-cicapatch-some-by-mi-clear-spot-patch-tea-tree,0,2,0%,9.5
https://qualia-navi.vercel.app/articles/art-eyebrowtmpl-korean-straight-brow-stencil,0,2,0%,9.5
https://qualia-navi.vercel.app/articles/art-geo-ikebukuro-romand,0,2,0%,9.5
https://qualia-navi.vercel.app/articles/art-handmass-doctor-air-hand-care,0,2,0%,9.5
https://qualia-navi.vercel.app/articles/art-lipmask-torriden-solid-in-ceramide-lip-essence,0,2,0%,9.5
https://qualia-navi.vercel.app/articles/art-mega10-niacinamide-sk-ii-genoptics-ultraura,0,2,0%,9.5
https://qualia-navi.vercel.app/articles/art-megumi-cleansing-peeling-skincare,0,2,0%,9.5
https://qualia-navi.vercel.app/articles/art-pore-anua-heartleaf-77-toner,0,2,0%,9.5
https://qualia-navi.vercel.app/articles/art-purple-shampoo-murasaki-10-ranking-comparison-2026,0,2,0%,9.5
https://qualia-navi.vercel.app/articles/art-ririmew-butter-rouge-tint-lip,0,2,0%,9.5
https://qualia-navi.vercel.app/articles/art-supp-5-point-hair-stick-repair-item-5,0,2,0%,9.5
https://qualia-navi.vercel.app/articles/feature-gift-birthday-special-cosmetics-10,0,2,0%,9.5
https://qualia-navi.vercel.app/articles/product-cc-pore-ysl-touch,0,2,0%,9.5
https://qualia-navi.vercel.app/articles/product-fd-pore-canmake-powder,0,2,0%,9.5
https://qualia-navi.vercel.app/articles/product-gf-u3k-jill-lip,0,2,0%,9.5
https://qualia-navi.vercel.app/articles/art-diag-cool-summer-cheek,0,2,0%,10
https://qualia-navi.vercel.app/articles/art-diag-cool-winter-lip,0,2,0%,10
https://qualia-navi.vercel.app/articles/art-feat4-manyo-panthetoin,0,2,0%,10
https://qualia-navi.vercel.app/articles/art-gal-never-die-rainy-baby-water,0,2,0%,10
https://qualia-navi.vercel.app/articles/art-hacci-minnie-disney-honey-cosme-2026,0,2,0%,10
https://qualia-navi.vercel.app/articles/art-hand-atrix-beauty-charge-night,0,2,0%,10
https://qualia-navi.vercel.app/articles/art-mascbase-cezanne-durable-curl-mascara,0,2,0%,10
https://qualia-navi.vercel.app/articles/art-mega10-plump-tint-romand-juicy-lasting-tint-bare-grape,0,2,0%,10
https://qualia-navi.vercel.app/articles/art-mega10-silk-gloves-pure-silk-night-care,0,2,0%,10
https://qualia-navi.vercel.app/articles/art-mega10-silk-turban-pure-silk-night-care-cap,0,2,0%,10
https://qualia-navi.vercel.app/articles/art-peri-nail-cuticle-oil-pen-care-2026,0,2,0%,10
https://qualia-navi.vercel.app/articles/art-pore-curel-sebum-trouble-care-gel,0,2,0%,10
https://qualia-navi.vercel.app/articles/art-silksch-big-volume-silk-scrunchie,0,2,0%,10
https://qualia-navi.vercel.app/articles/product-ag-20s-sk-anua,0,2,0%,10
https://qualia-navi.vercel.app/articles/product-ag-20s-sk-melanocc,0,2,0%,10
https://qualia-navi.vercel.app/articles/product-fd-stay-maquillage,0,2,0%,10
https://qualia-navi.vercel.app/articles/product-pcl-wso-opera03,0,2,0%,10
https://qualia-navi.vercel.app/articles/product-pr1k-cezanne-primer,0,2,0%,10
https://qualia-navi.vercel.app/articles/product-sc-ovn-fujiko-tint,0,2,0%,10
https://qualia-navi.vercel.app/articles/topic-suncare-biore,0,2,0%,10
https://qualia-navi.vercel.app/articles/art-browpow-kate-designing-eyebrow-3d,0,2,0%,10.5
https://qualia-navi.vercel.app/articles/art-mega10-concealer-thesaem-cover-perfection-tip,0,2,0%,10.5
https://qualia-navi.vercel.app/articles/art-rescue-blue-beard,0,2,0%,10.5
https://qualia-navi.vercel.app/articles/art-sens-d-program-allerbarrier-essence-n,0,2,0%,10.5
https://qualia-navi.vercel.app/articles/art-seo-query-kerastase-chronologiste-oil-luxury-care,0,2,0%,10.5
https://qualia-navi.vercel.app/articles/art-solidperf-vasilisa-perfume-stick-merrily,0,2,0%,10.5
https://qualia-navi.vercel.app/articles/art-winter-aespa-espoir-makeup,0,2,0%,10.5
https://qualia-navi.vercel.app/articles/feature-chanmina-gal-never-die-colorcon-complete,0,2,0%,10.5
https://qualia-navi.vercel.app/articles/product-cc-kuma-cezanne,0,2,0%,10.5
https://qualia-navi.vercel.app/articles/product-pcl-cs-fwee-rs01,0,2,0%,10.5
https://qualia-navi.vercel.app/articles/art-aegyostick-etude-bliss-shimmer-stick-star,0,2,0%,11
https://qualia-navi.vercel.app/articles/art-bazz-decorte-loose-powder,0,2,0%,11
https://qualia-navi.vercel.app/articles/art-feat3-cosdebaha-azelaic,0,2,0%,11
https://qualia-navi.vercel.app/articles/art-ingr-pitera-sk2-essence,0,2,0%,11
https://qualia-navi.vercel.app/articles/art-sana-twice-loveshine-missha-makeup,0,2,0%,11
https://qualia-navi.vercel.app/articles/art-seo-query-eyeliner-waterproof-canmake-holding,0,2,0%,11
https://qualia-navi.vercel.app/articles/product-gf-wom-loccitane,0,2,0%,11
https://qualia-navi.vercel.app/articles/product-lip26-mo-chanel-baume,0,2,0%,11
https://qualia-navi.vercel.app/articles/art-pointrem-bifesta-eye-makeup-remover-biphase,0,2,0%,11.5
https://qualia-navi.vercel.app/articles/product-cc-moist-dior,0,2,0%,11.5
https://qualia-navi.vercel.app/articles/topic-hair-kerastase-oleo,0,2,0%,11.5
https://qualia-navi.vercel.app/articles/art-scene-office-dry-air,0,2,0%,12
https://qualia-navi.vercel.app/articles/feature-5-hair-mist-bedhead-reset-heat-protect,0,2,0%,12.5
https://qualia-navi.vercel.app/articles/feature-price-dupes-under-5000-10,0,2,0%,12.5
https://qualia-navi.vercel.app/articles/art-fndbrush-shiseido-foundation-brush-131,0,2,0%,13
https://qualia-navi.vercel.app/articles/art-hotlash-clamp-heated-eyelash-curler,0,2,0%,13
https://qualia-navi.vercel.app/articles/art-shaver-panasonic-ferie-face-shaver-es-wf41,0,2,0%,13
https://qualia-navi.vercel.app/articles/feature-10-best-cosmetics-hall-of-fame-2026-summer,0,2,0%,13
https://qualia-navi.vercel.app/articles/topic-suncare-allie-toneup,0,2,0%,13
https://qualia-navi.vercel.app/articles/art-v-taehyung-bts-tirtir-yunth-skin,0,2,0%,13.5
https://qualia-navi.vercel.app/articles/product-pr-oil-innisfree,0,2,0%,13.5
https://qualia-navi.vercel.app/articles/art-hotcurler-anlan-heated-curler,0,2,0%,14
https://qualia-navi.vercel.app/articles/art-peri-single-eyeshadow-sheer-glitter-2026,0,2,0%,14
https://qualia-navi.vercel.app/articles/art-pillow-itawari-silk-pillow-cover,0,2,0%,14
https://qualia-navi.vercel.app/articles/art-hair-dye-silver-gray-10-ranking-comparison-2026,0,2,0%,14.5
https://qualia-navi.vercel.app/articles/art-seo-query-givenchy-linterdit-eau-de-parfum,0,2,0%,14.5
https://qualia-navi.vercel.app/articles/product-pr-dry-kanebo-cream,0,2,0%,14.5
https://qualia-navi.vercel.app/articles/product-ag-40s-sk-shiseido-ulti,0,2,0%,15
https://qualia-navi.vercel.app/articles/product-ag-50s-sk-pola-ba-lot,0,2,0%,15
https://qualia-navi.vercel.app/articles/product-gf-u5k-decorte-pow,0,2,0%,15.5
https://qualia-navi.vercel.app/articles/art-mega10-dryskin-torriden-dive-in-serum,0,2,0%,16
https://qualia-navi.vercel.app/articles/product-ag-50s-sk-cledepeau-lacreme,0,2,0%,16
https://qualia-navi.vercel.app/articles/art-seo-query-johnmasters-argan-hair-oil-organic,0,2,0%,16.5
https://qualia-navi.vercel.app/articles/art-brushclean-sponge-brush-wash-puff,0,2,0%,17
https://qualia-navi.vercel.app/articles/art-browserum-gr-brow-mayu-care-essence,0,2,0%,18
https://qualia-navi.vercel.app/articles/product-ag-30s-fd-rmk,0,2,0%,18
https://qualia-navi.vercel.app/articles/product-gf-bday-lunasol-15,0,2,0%,18.5
https://qualia-navi.vercel.app/articles/product-pcl-wab-chifure748,0,2,0%,18.5
https://qualia-navi.vercel.app/articles/art-eyetip-rosyrosa-sponge-applicator,0,2,0%,19.5
https://qualia-navi.vercel.app/articles/product-lip26-ne-romand23,0,2,0%,19.5
https://qualia-navi.vercel.app/articles/topic-hair-uka-kenzan,0,2,0%,19.5
https://qualia-navi.vercel.app/articles/art-dry-cerave-moisturizing-cream-dry-skin,0,2,0%,20.5
https://qualia-navi.vercel.app/articles/art-sachiko-saborino-morning-mask-skin-trouble-truth,0,2,0%,21
https://qualia-navi.vercel.app/articles/feature-5-nose-shaper-clip-beauty-lifting,0,2,0%,22.5
https://qualia-navi.vercel.app/articles/topic-body-deoco,0,2,0%,23
https://qualia-navi.vercel.app/articles/art-sachiko-breath-labo-mouthwash-review,0,2,0%,24
https://qualia-navi.vercel.app/articles/product-fd-comb-cezanne-cushion,0,2,0%,24
https://qualia-navi.vercel.app/articles/feature-5-pore-vacuum-suction-blackhead-cleaner,0,2,0%,25
https://qualia-navi.vercel.app/articles/product-lip26-gl-ysl,0,2,0%,28.5
https://qualia-navi.vercel.app/articles/product-ag-30s-fd-maquillage-liq,0,2,0%,29
https://qualia-navi.vercel.app/articles/product-cc-stay-maybelline,0,2,0%,31
https://qualia-navi.vercel.app/articles/art-herlipto-sensual-rich-body-cream,0,2,0%,32.5
https://qualia-navi.vercel.app/articles/art-sachiko-hirano-shoh-cosme-items-complete,0,2,0%,32.5
https://qualia-navi.vercel.app/articles/feature-5-sponge-puff-cleanser-disinfectant,0,2,0%,33
https://qualia-navi.vercel.app/articles/feature-5-solid-perfume-stick-balm-gentle-scent,0,2,0%,34.5
https://qualia-navi.vercel.app/articles/topic-makeup-nars-reflecting,0,2,0%,34.5
https://qualia-navi.vercel.app/articles/art-peri-nail-hardener-base-coat-2026,0,2,0%,35
https://qualia-navi.vercel.app/articles/art-scene-wedding-bridal-glow,0,2,0%,36
https://qualia-navi.vercel.app/articles/art-peri-stick-serum-wrinkle-touchup-2026,0,2,0%,37
https://qualia-navi.vercel.app/articles/feature-primer-combination-skin-balance-10,0,2,0%,39.5
https://qualia-navi.vercel.app/articles/feature-autumn-office-makeup-10,0,2,0%,40
https://qualia-navi.vercel.app/articles/feature-autumn-rose-lips-collection-10,0,2,0%,41
https://qualia-navi.vercel.app/articles/topic-skincare-melanocc,0,2,0%,42.5
https://qualia-navi.vercel.app/articles/feature-concealer-long-lasting-10,0,2,0%,44
https://qualia-navi.vercel.app/articles/feature-personal-color-cool-winter-lip-10,0,2,0%,48
https://qualia-navi.vercel.app/articles/art-megumi-lululun-sheet-mask-routine,0,2,0%,52
https://qualia-navi.vercel.app/articles/product-gf-u3k-loccitane,0,2,0%,54.5
https://qualia-navi.vercel.app/articles/topic-hair-fino-hairmask,0,2,0%,58
https://qualia-navi.vercel.app/articles/feature-5-nose-shadow-contouring-brush,0,2,0%,58.5
https://qualia-navi.vercel.app/articles/product-cc-pore-timesecret,0,2,0%,81
https://qualia-navi.vercel.app/articles/art-sachiko-dry-shampoo-diane-ranking-guide,0,2,0%,100
https://qualia-navi.vercel.app/articles/feature-5-underarm-whitening-deodorant,0,1,0%,1
https://qualia-navi.vercel.app/articles/art-cosme-osusume-kansouhada-dry-2026,0,1,0%,2
https://qualia-navi.vercel.app/articles/art-cosme-osusume-teens-10s-2026,0,1,0%,2
https://qualia-navi.vercel.app/articles/art-footfile-double-sided-stainless-file,0,1,0%,2
https://qualia-navi.vercel.app/articles/art-gray-hair-black-10-ranking-comparison-2026,0,1,0%,2
https://qualia-navi.vercel.app/articles/art-hyein-newjeans-y2k-korean-skincare,0,1,0%,2
https://qualia-navi.vercel.app/articles/art-mega10-pores-cosrx-retinol-oil-cream,0,1,0%,2
https://qualia-navi.vercel.app/articles/art-sana-twice-missha-cushion-foundation,0,1,0%,2
https://qualia-navi.vercel.app/articles/autodiscover-trending-3_1785473872,0,1,0%,2
https://qualia-navi.vercel.app/articles/product-pr-dry-dalba,0,1,0%,2
https://qualia-navi.vercel.app/article/feature-5-scalp-pre-cleansing-oil-gel,0,1,0%,3
https://qualia-navi.vercel.app/articles/art-cosme-osusume-kongouhada-combination-2026,0,1,0%,3
https://qualia-navi.vercel.app/articles/art-handmass-lourdes-hand-care-cordless,0,1,0%,3
https://qualia-navi.vercel.app/articles/art-mega10-cushion-tirtir-mask-fit-red-cushion,0,1,0%,3
https://qualia-navi.vercel.app/articles/art-peri-hair-milk-moist-repair-2026,0,1,0%,3
https://qualia-navi.vercel.app/articles/art-scalplotion-mediquick-h-scalp-lotion,0,1,0%,3
https://qualia-navi.vercel.app/articles/art-seo-query-cosmedecorte-aq-meliority-cleansing-cream,0,1,0%,3
https://qualia-navi.vercel.app/articles/art-seo-query-takami-skinpeel-rough-texture-pores,0,1,0%,3
https://qualia-navi.vercel.app/articles/art-shaver-koizumi-face-shaver-washable,0,1,0%,3
https://qualia-navi.vercel.app/articles/feature-5-mascara-primer-base-curl-keeper-long,0,1,0%,3
https://qualia-navi.vercel.app/articles/feature-5-scalp-moisture-lotion-dry-itch,0,1,0%,3
https://qualia-navi.vercel.app/articles/product-sc-trv-andbe-conceal,0,1,0%,3
https://qualia-navi.vercel.app/articles/art-eyebrowcoat-orbis-eyebrow-coat-natural-clear,0,1,0%,4
https://qualia-navi.vercel.app/articles/art-ingr-human-ceramide-etvos,0,1,0%,4
https://qualia-navi.vercel.app/articles/art-mascarabase-ettusais-eye-edition-mascara-base-black,0,1,0%,4
https://qualia-navi.vercel.app/articles/art-mega10-silk-facemask-pure-silk-beauty-mask,0,1,0%,4
https://qualia-navi.vercel.app/articles/art-mega10-toneup-cushion-esoir-pro-tailor-be-glow,0,1,0%,4
https://qualia-navi.vercel.app/articles/art-minji-newjeans-chanel-makeup,0,1,0%,4
https://qualia-navi.vercel.app/articles/art-momo-twice-wonjungyo-metal-shower-pencil,0,1,0%,4
https://qualia-navi.vercel.app/articles/art-peri-body-scrub-smooth-skin-ranking-2026,0,1,0%,4
https://qualia-navi.vercel.app/articles/art-peri-medicated-whitening-hand-cream-2026,0,1,0%,4
https://qualia-navi.vercel.app/articles/art-seo-query-chanel-gabrielle-hair-mist-luxury,0,1,0%,4
https://qualia-navi.vercel.app/articles/art-seo-query-eye-primer-eyeshadow-canmake,0,1,0%,4
https://qualia-navi.vercel.app/articles/feature-10-luxury-gift-cosmetics-guide-2026,0,1,0%,4
https://qualia-navi.vercel.app/articles/feature-autumn-lips-cool-winter-10,0,1,0%,4
https://qualia-navi.vercel.app/articles/topic-makeup-canmake-abloom,0,1,0%,4
https://qualia-navi.vercel.app/articles/art-bazz-dior-maximizer,0,1,0%,5
https://qualia-navi.vercel.app/articles/art-brushclean-tangle-cleaner-mesh-sheet-pack,0,1,0%,5
https://qualia-navi.vercel.app/articles/art-colorcorr-rmk-basic-control-color-n,0,1,0%,5
https://qualia-navi.vercel.app/articles/art-cosme-osusume-keana-acne-care-2026,0,1,0%,5
https://qualia-navi.vercel.app/articles/art-feat2-skinfood-carrot,0,1,0%,5
https://qualia-navi.vercel.app/articles/art-feat4-innisfree-bija,0,1,0%,5
https://qualia-navi.vercel.app/articles/art-newcosme-ipsa-the-time-reset-aqua-e,0,1,0%,5
https://qualia-navi.vercel.app/articles/art-rakuten-roppongi-cledepeau,0,1,0%,5
https://qualia-navi.vercel.app/articles/art-shampbrush-uka-scalp-brush-kenzan,0,1,0%,5
https://qualia-navi.vercel.app/articles/art-supp-wonjungyo-korean-idol-makeup-guide-item-7,0,1,0%,5
https://qualia-navi.vercel.app/articles/feature-autumn-lips-warm-spring-10,0,1,0%,5
https://qualia-navi.vercel.app/articles/feature-comparison-lipstick-long-lasting-10,0,1,0%,5
https://qualia-navi.vercel.app/articles/feature-rakuten-marathon-campaign-complete-guide,0,1,0%,5
https://qualia-navi.vercel.app/articles/product-cc-acne-dprogram,0,1,0%,5
https://qualia-navi.vercel.app/articles/product-fd-pore-decorte-zen,0,1,0%,5
https://qualia-navi.vercel.app/articles/product-gf-40s-cledepeau-serum,0,1,0%,5
https://qualia-navi.vercel.app/articles/product-lip26-ws-kate03,0,1,0%,5
https://qualia-navi.vercel.app/articles/product-pcl-csp-romand25,0,1,0%,5
https://qualia-navi.vercel.app/articles/product-sc-nat-andbe-concealer,0,1,0%,5
https://qualia-navi.vercel.app/compare/comp-mass-79,0,1,0%,5
https://qualia-navi.vercel.app/articles/art-blackpink-fragrance-bodycare-luxury,0,1,0%,6
https://qualia-navi.vercel.app/articles/art-combi-fancl-mild-cleansing-oil-black-pore,0,1,0%,6
https://qualia-navi.vercel.app/articles/art-dry-etvos-moisturizing-serum-ceramide,0,1,0%,6
https://qualia-navi.vercel.app/articles/art-feat2-manyo-bifida,0,1,0%,6
https://qualia-navi.vercel.app/articles/art-footfile-nano-glass-heel-eraser,0,1,0%,6
https://qualia-navi.vercel.app/articles/art-glutathione-skin-whitening-serum-10sen-2026,0,1,0%,6
https://qualia-navi.vercel.app/articles/art-gray-lplp-hair-color-quick-stick,0,1,0%,6
https://qualia-navi.vercel.app/articles/art-jeonghan-mingyu-favorite-skincare-lip,0,1,0%,6
https://qualia-navi.vercel.app/articles/art-kassa-wooden-scalp-massage-comb,0,1,0%,6
https://qualia-navi.vercel.app/articles/art-lip-kate-lip-monster-05,0,1,0%,6
https://qualia-navi.vercel.app/articles/art-lipscrub-canmake-plump-lip-care-scrub-sugar,0,1,0%,6
https://qualia-navi.vercel.app/articles/art-mega10-bodylotion-vaseline-advance-repair,0,1,0%,6
https://qualia-navi.vercel.app/articles/art-momo-twice-wonjungyo-doll-makeup,0,1,0%,6
https://qualia-navi.vercel.app/articles/art-plumper-fujiko-plumper-lip-care,0,1,0%,6
https://qualia-navi.vercel.app/articles/art-seo-query-eyebrow-canmake-holding-technique,0,1,0%,6
https://qualia-navi.vercel.app/articles/feature-10-dry-skin-intensive-moisture-2026,0,1,0%,6
https://qualia-navi.vercel.app/articles/feature-5-hair-brush-cleaner-rake-comb-cleaner,0,1,0%,6
https://qualia-navi.vercel.app/articles/feature-5-lip-sleeping-mask-intensive-balm,0,1,0%,6
https://qualia-navi.vercel.app/articles/feature-5-silk-leg-warmer-ankle-warmth,0,1,0%,6
https://qualia-navi.vercel.app/articles/product-cmp-fd-decorte,0,1,0%,6
https://qualia-navi.vercel.app/articles/product-gf-gf-suqqu-shadow,0,1,0%,6
https://qualia-navi.vercel.app/articles/product-sc-stu-cezanne-brow,0,1,0%,6
https://qualia-navi.vercel.app/features/blog-late-summer-after-uv-care,0,1,0%,6
https://qualia-navi.vercel.app/articles/art-andhoney-disney-princess-toystory-2026,0,1,0%,7
https://qualia-navi.vercel.app/articles/art-browmasc-kate-3d-eyebrow-color-n,0,1,0%,7
https://qualia-navi.vercel.app/articles/art-combi-kiehls-ultra-facial-oil-free-gel-cream,0,1,0%,7
https://qualia-navi.vercel.app/articles/art-dryshampoo-botanist-botanical-refresh-sheet-dry,0,1,0%,7
https://qualia-navi.vercel.app/articles/art-eyebase-excel-fit-eye-base,0,1,0%,7
https://qualia-navi.vercel.app/articles/art-heatedcurler-lower-lash-point-curler-micro,0,1,0%,7
https://qualia-navi.vercel.app/articles/art-kbeauty-torriden-dive-in-low-hyaluronic-serum,0,1,0%,7
https://qualia-navi.vercel.app/articles/art-lipmask-curel-intensive-moisture-lip-care-cream,0,1,0%,7
https://qualia-navi.vercel.app/articles/art-lipscrub-canmake-plump-lip-care-scrub-clear,0,1,0%,7
https://qualia-navi.vercel.app/articles/art-mega10-azelaic-cos-de-baha-az-serum,0,1,0%,7
https://qualia-navi.vercel.app/articles/art-mega10-bodycare-white-conc-body-shampoo-c,0,1,0%,7
https://qualia-navi.vercel.app/articles/art-mega10-lip-scrub-laneige-lip-sleeping-mask-berry,0,1,0%,7
https://qualia-navi.vercel.app/articles/art-newcosme-suqqu-the-foundation-luxury,0,1,0%,7
https://qualia-navi.vercel.app/articles/art-niziu-visee-nenmaku-fake-rouge,0,1,0%,7
https://qualia-navi.vercel.app/articles/art-peri-eyebrow-trimmer-scissors-tools-2026,0,1,0%,7
https://qualia-navi.vercel.app/articles/art-sachiko-avene-water-asemo-acne-truth,0,1,0%,7
https://qualia-navi.vercel.app/articles/art-scalpmassage-nipro-deep-scalp-spa-waterproof-brush,0,1,0%,7
https://qualia-navi.vercel.app/articles/art-seo-query-lunasol-glow-day-serum-uv-base,0,1,0%,7
https://qualia-navi.vercel.app/articles/art-silkleg-long-silk-wool-calf-warmer,0,1,0%,7
https://qualia-navi.vercel.app/articles/art-spotcon-canmake-color-stick-concealer,0,1,0%,7
https://qualia-navi.vercel.app/articles/feature-bts-members-beauty-complete-guide,0,1,0%,7
https://qualia-navi.vercel.app/articles/product-cc-kuma-andbe,0,1,0%,7
https://qualia-navi.vercel.app/articles/product-gf-20s-romand-grape,0,1,0%,7
https://qualia-navi.vercel.app/articles/product-gf-u3k-larocheposay,0,1,0%,7
https://qualia-navi.vercel.app/articles/product-lip26-ko-laka,0,1,0%,7
https://qualia-navi.vercel.app/articles/product-lip26-ro-ysl-slim,0,1,0%,7
https://qualia-navi.vercel.app/articles/product-pcl-cs-kate02,0,1,0%,7
https://qualia-navi.vercel.app/articles/topic-skincare-sk2-mask,0,1,0%,7
https://qualia-navi.vercel.app/features/blog-sweat-care-stain-prevention-comparison,0,1,0%,7
https://qualia-navi.vercel.app/articles/art-aegyo-cipicipi-glitter-illumination,0,1,0%,8
https://qualia-navi.vercel.app/articles/art-aegyo-wonjungyo-metal-shower-pencil,0,1,0%,8
https://qualia-navi.vercel.app/articles/art-blushbr-fillimilli-point-blusher-brush,0,1,0%,8
https://qualia-navi.vercel.app/articles/art-bts-members-fragrance-gift-collection,0,1,0%,8
https://qualia-navi.vercel.app/articles/art-budget-excel-skinny-rich-shadow,0,1,0%,8
https://qualia-navi.vercel.app/articles/art-cleaner-sixplus-brush-cleaner-soap,0,1,0%,8
https://qualia-navi.vercel.app/articles/art-combi-primavista-skin-protect-base-skin-balance,0,1,0%,8
https://qualia-navi.vercel.app/articles/art-combi-suisai-beauty-clear-powder-wash-n,0,1,0%,8
https://qualia-navi.vercel.app/articles/art-geo-amori-orbis-clear,0,1,0%,8
https://qualia-navi.vercel.app/articles/art-geo-hakodate-diane-dry,0,1,0%,8
https://qualia-navi.vercel.app/articles/art-geo-matsuyama-deoco,0,1,0%,8
https://qualia-navi.vercel.app/articles/art-hairmist-lebel-trie-juicy-spray,0,1,0%,8
https://qualia-navi.vercel.app/articles/art-hotcurler-silicon-clip-curler,0,1,0%,8
https://qualia-navi.vercel.app/articles/art-mega10-fragrance-diptyque-fleur-de-peau-eau-de-parfum,0,1,0%,8
https://qualia-navi.vercel.app/articles/art-mega10-nightcap-silk-100-nightcap,0,1,0%,8
https://qualia-navi.vercel.app/articles/art-plumper-keybo-grand-master-lip-plumper-hot,0,1,0%,8
https://qualia-navi.vercel.app/articles/art-precleansing-orbis-scalp-refresher,0,1,0%,8
https://qualia-navi.vercel.app/articles/art-sachiko-scalp-uv-spray-carbonated-guide,0,1,0%,8
https://qualia-navi.vercel.app/articles/art-sens-curel-intensive-moisture-care-lotion-iii,0,1,0%,8
https://qualia-navi.vercel.app/articles/art-seo-query-hair-oil-curly-hair-straightening-hold,0,1,0%,8
https://qualia-navi.vercel.app/articles/art-seo-query-lunasol-eye-coloration-palette,0,1,0%,8
https://qualia-navi.vercel.app/articles/art-silkleg-silk-cotton-double-layer-warmer,0,1,0%,8
https://qualia-navi.vercel.app/articles/art-snowman-members-fragrance-gift-set,0,1,0%,8
https://qualia-navi.vercel.app/articles/feature-10-flawless-skin-masterpiece-cosmetics-2026,0,1,0%,8
https://qualia-navi.vercel.app/articles/feature-10-poreless-flawless-cosme-2026,0,1,0%,8
https://qualia-navi.vercel.app/articles/feature-autumn-wedding-party-makeup-10,0,1,0%,8
https://qualia-navi.vercel.app/articles/product-cc-stay-clio,0,1,0%,8
https://qualia-navi.vercel.app/articles/product-cmp-fd-dior,0,1,0%,8
https://qualia-navi.vercel.app/articles/product-fd-drop-clio-killcover,0,1,0%,8
https://qualia-navi.vercel.app/articles/product-lip26-mo-curel,0,1,0%,8
https://qualia-navi.vercel.app/articles/product-lip26-pu-canmake16,0,1,0%,8
https://qualia-navi.vercel.app/articles/product-pr1k-chifure-lip,0,1,0%,8
https://qualia-navi.vercel.app/articles/product-sc-fes-anessa-uv,0,1,0%,8
https://qualia-navi.vercel.app/articles/product-sc-trv-kate-lip,0,1,0%,8
https://qualia-navi.vercel.app/articles/art-cosme-puchipura-2026-best10,0,1,0%,9
https://qualia-navi.vercel.app/articles/art-dry-minon-amino-moist-charge-milk,0,1,0%,9
https://qualia-navi.vercel.app/articles/art-eyebase-excel-fit-eye-shadow-base-moist,0,1,0%,9
https://qualia-navi.vercel.app/articles/art-feat7-iope-retinol-super,0,1,0%,9
https://qualia-navi.vercel.app/articles/art-kazuha-lesserafim-etude-makeup,0,1,0%,9
https://qualia-navi.vercel.app/articles/art-lashcoat-omeme-multi-coating-mascara,0,1,0%,9
https://qualia-navi.vercel.app/articles/art-mascbase-pmu-waterproof-curl-fix-primer,0,1,0%,9
https://qualia-navi.vercel.app/articles/art-mascrem-cezanne-mascara-remover,0,1,0%,9
https://qualia-navi.vercel.app/articles/art-mega10-hair-serum-elujuda-moisture-emulsion,0,1,0%,9
https://qualia-navi.vercel.app/articles/art-mega10-keratin-hairmist-napla-imprime-repair-mist,0,1,0%,9
https://qualia-navi.vercel.app/articles/art-mega10-keratin-hairpack-shiseido-tsubaki-premium-repair,0,1,0%,9
https://qualia-navi.vercel.app/articles/art-mega10-peptide-meditherapy-wrinkle-fit-cream,0,1,0%,9
https://qualia-navi.vercel.app/articles/art-mega10-sebum-base-sofina-primavista-skin-protect,0,1,0%,9
https://qualia-navi.vercel.app/articles/art-mina-twice-sk2-pitera-essence,0,1,0%,9
https://qualia-navi.vercel.app/articles/art-peri-pdrn-salmon-serum-sheet-mask-2026,0,1,0%,9
https://qualia-navi.vercel.app/articles/art-rescue-bad-breath-morning,0,1,0%,9
https://qualia-navi.vercel.app/articles/art-scalpbrush-refa-heart-brush-for-scalp-ergonomic,0,1,0%,9
https://qualia-navi.vercel.app/articles/art-scene-pool-makeup-stay,0,1,0%,9
https://qualia-navi.vercel.app/articles/art-scene-winter-chapped-skin,0,1,0%,9
https://qualia-navi.vercel.app/articles/art-seo-query-johnmasters-organic-shampoo-scalp-care,0,1,0%,9
https://qualia-navi.vercel.app/articles/art-shaver-tescom-electric-face-razor-washable,0,1,0%,9
https://qualia-navi.vercel.app/articles/art-silkpillow-organic-silk-hair-protection,0,1,0%,9
https://qualia-navi.vercel.app/articles/art-supp-5-oil-blotting-paper-natural-linen-matte-item-5,0,1,0%,9
https://qualia-navi.vercel.app/articles/feature-5-dupes-cosmetics,0,1,0%,9
https://qualia-navi.vercel.app/articles/feature-5-night-double-eyelid-serum,0,1,0%,9
https://qualia-navi.vercel.app/articles/product-ag-40s-es-lunasol15,0,1,0%,9
https://qualia-navi.vercel.app/articles/product-fd-comb-missha-pro,0,1,0%,9
https://qualia-navi.vercel.app/articles/product-fd-drop-maquillage-base,0,1,0%,9
https://qualia-navi.vercel.app/articles/product-fd-dry-dprogram,0,1,0%,9
https://qualia-navi.vercel.app/articles/product-lip26-cw-kate07,0,1,0%,9
https://qualia-navi.vercel.app/articles/product-lip26-pu-ettusais,0,1,0%,9
https://qualia-navi.vercel.app/articles/product-lip26-ti-ettusais,0,1,0%,9
https://qualia-navi.vercel.app/articles/product-pr-comb-shuuemura,0,1,0%,9
https://qualia-navi.vercel.app/articles/product-pr-tone-andbe,0,1,0%,9
https://qualia-navi.vercel.app/articles/product-pr10k-cledepeau-primer,0,1,0%,9
https://qualia-navi.vercel.app/articles/topic-body-deoco-sheet,0,1,0%,9
https://qualia-navi.vercel.app/articles/art-autlook-cezanne-face-glow-color-rose-glow,0,1,0%,10
https://qualia-navi.vercel.app/articles/art-blue-navy-shampoo-10-ranking-comparison-2026,0,1,0%,10
https://qualia-navi.vercel.app/articles/art-budget-bifesta-micellar-cleansing-water,0,1,0%,10
https://qualia-navi.vercel.app/articles/art-budget-canmake-marshmallow-finish-powder,0,1,0%,10
https://qualia-navi.vercel.app/articles/art-combi-laroche-posay-effaclar-mat-moisturizer,0,1,0%,10
https://qualia-navi.vercel.app/articles/art-epsom-amami-epsom-salt-pure,0,1,0%,10
https://qualia-navi.vercel.app/articles/art-eyebase-canmake-last-multi-eye-base-waterproof,0,1,0%,10
https://qualia-navi.vercel.app/articles/art-faceshaver-compact-pen-lipstick-design-shaver,0,1,0%,10
https://qualia-navi.vercel.app/articles/art-footpeel-matsukiyo-speed-foot-exfoliator,0,1,0%,10
https://qualia-navi.vercel.app/articles/art-geo-chiba-biore-uv,0,1,0%,10
https://qualia-navi.vercel.app/articles/art-geo-otsu-saborino,0,1,0%,10
https://qualia-navi.vercel.app/articles/art-hair-dye-white-blonde-10-ranking-comparison-2026,0,1,0%,10
https://qualia-navi.vercel.app/articles/art-hairstick-milbon-elujuda-point-care-stick,0,1,0%,10
https://qualia-navi.vercel.app/articles/art-lip-laka-bonding-glow-lipstick,0,1,0%,10
https://qualia-navi.vercel.app/articles/art-lipscrub-lush-bubblegum-lip-scrub,0,1,0%,10
https://qualia-navi.vercel.app/articles/art-mega10-emulsion-elixir-bouncing-moisture-emulsion,0,1,0%,10
https://qualia-navi.vercel.app/articles/art-mega10-eyebrow-liquid-kate-lasting-eyebrow-w,0,1,0%,10
"https://qualia-navi.vercel.app/articles/art-mega10-scalp-cleansing-w 
scalp-cleanser-uka",0,1,0%,10
https://qualia-navi.vercel.app/articles/art-noseclip-night-sleep-nose-corrector-soft-gel,0,1,0%,10
https://qualia-navi.vercel.app/articles/art-peri-medicated-roll-on-deodorant-sweat-2026,0,1,0%,10
https://qualia-navi.vercel.app/articles/art-peri-organic-hair-balm-styling-2026,0,1,0%,10
https://qualia-navi.vercel.app/articles/art-rakuten-kobe-kose-sekkisei,0,1,0%,10
https://qualia-navi.vercel.app/articles/art-rescue-age-smell,0,1,0%,10
https://qualia-navi.vercel.app/articles/art-rescue-delicate-darkening,0,1,0%,10
https://qualia-navi.vercel.app/articles/art-rescue-stray-hair,0,1,0%,10
https://qualia-navi.vercel.app/articles/art-scalpmassage-compact-cordless-lightweight-scalp-spa,0,1,0%,10
https://qualia-navi.vercel.app/articles/art-sens-ihada-medicated-clear-balm,0,1,0%,10
https://qualia-navi.vercel.app/articles/art-seo-query-hair-oil-moist-heat-protection,0,1,0%,10
https://qualia-navi.vercel.app/articles/art-seo-query-suqqu-signature-color-eyes,0,1,0%,10
https://qualia-navi.vercel.app/articles/art-seo-query-suqqu-velvet-fit-lipstick,0,1,0%,10
https://qualia-navi.vercel.app/articles/art-shaver-2in1-nose-eyebrow-trimmer,0,1,0%,10
https://qualia-navi.vercel.app/articles/art-silkglove-long-wrist-silk-hand-cover,0,1,0%,10
https://qualia-navi.vercel.app/articles/art-silksch-lillysilk-pure-silk-scrunchies,0,1,0%,10
https://qualia-navi.vercel.app/articles/art-spatula-stainless-dual-cosmetic-spatula,0,1,0%,10
https://qualia-navi.vercel.app/articles/art-stick-diane-maegami-stick,0,1,0%,10
https://qualia-navi.vercel.app/articles/art-supp-5-eyelash-serum-fine-brush-root-nourishing-item-5,0,1,0%,10
https://qualia-navi.vercel.app/articles/feature-10-ultimate-glow-flawless-selection-2026,0,1,0%,10
https://qualia-navi.vercel.app/articles/feature-5-glass-foot-file-heel-care,0,1,0%,10
https://qualia-navi.vercel.app/articles/feature-5-metal-mascara-comb-lash-separator,0,1,0%,10
https://qualia-navi.vercel.app/articles/feature-5-nose-clip-shaper-silicone-beauty-pro,0,1,0%,10
https://qualia-navi.vercel.app/articles/feature-price-dupes-under-3000-10,0,1,0%,10
https://qualia-navi.vercel.app/articles/product-cc-kuma-canmake,0,1,0%,10
https://qualia-navi.vercel.app/articles/product-fd-comb-dior-glow,0,1,0%,10
https://qualia-navi.vercel.app/articles/product-gf-bday-jomalone,0,1,0%,10
https://qualia-navi.vercel.app/articles/product-gf-u5k-ysl-candy,0,1,0%,10
https://qualia-navi.vercel.app/articles/product-gf-wom-cledepeau-lip,0,1,0%,10
https://qualia-navi.vercel.app/articles/product-lip26-br-romand13,0,1,0%,10
https://qualia-navi.vercel.app/articles/product-lip26-ko-peripera,0,1,0%,10
https://qualia-navi.vercel.app/articles/product-lip26-ko-romand13,0,1,0%,10
https://qualia-navi.vercel.app/articles/product-lip26-pi-cezanne01,0,1,0%,10
https://qualia-navi.vercel.app/articles/product-lip26-re-cezanne407,0,1,0%,10
https://qualia-navi.vercel.app/articles/product-lip26-st-kate10,0,1,0%,10
https://qualia-navi.vercel.app/articles/product-pcl-csp-canmake02,0,1,0%,10
https://qualia-navi.vercel.app/articles/product-pcl-csr-ettusais05,0,1,0%,10
https://qualia-navi.vercel.app/articles/product-pr-tone-numbuzin3,0,1,0%,10
https://qualia-navi.vercel.app/articles/product-pr2k-innisfree-powder,0,1,0%,10
https://qualia-navi.vercel.app/articles/product-sc-kor-tirtir-silver,0,1,0%,10
https://qualia-navi.vercel.app/articles/topic-makeup-immeme-pepbalm,0,1,0%,10
https://qualia-navi.vercel.app/articles/art-autlook-muji-liquid-eyebrow-natural-brown,0,1,0%,11
https://qualia-navi.vercel.app/articles/art-autumn-lunasol-eye-coloration,0,1,0%,11
https://qualia-navi.vercel.app/articles/art-bazz-tirtir-red-cushion,0,1,0%,11
https://qualia-navi.vercel.app/articles/art-browmascara-kate-3d-eyebrow-color,0,1,0%,11
https://qualia-navi.vercel.app/articles/art-budget-cezanne-skin-conditioner-high-moist,0,1,0%,11
https://qualia-navi.vercel.app/articles/art-carbonmask-mediplus-sparkling-pack-dense-foam,0,1,0%,11
https://qualia-navi.vercel.app/articles/art-combi-orbis-clearful-lotion-medicated,0,1,0%,11
https://qualia-navi.vercel.app/articles/art-essential-premium-sanrio-hellokitty-2026,0,1,0%,11
https://qualia-navi.vercel.app/articles/art-footfile-foot-care-heel-pedicure-kit,0,1,0%,11
https://qualia-navi.vercel.app/articles/art-hand-hands-a-pro-serum,0,1,0%,11
https://qualia-navi.vercel.app/articles/art-ingr-heparinoid-carte-hd,0,1,0%,11
https://qualia-navi.vercel.app/articles/art-lashperm-all-in-one-speed-lash-lift-box,0,1,0%,11
https://qualia-navi.vercel.app/articles/art-lip-fujiko-nuance-wrap-tint,0,1,0%,11
https://qualia-navi.vercel.app/articles/art-mascarabase-canmake-quick-lash-curler-transparent,0,1,0%,11
https://qualia-navi.vercel.app/articles/art-mega10-eyeshadow-primer-nars-smudge-proof-base,0,1,0%,11
https://qualia-navi.vercel.app/articles/art-mega10-fast-topcoat-ducato-quick-topcoat,0,1,0%,11
https://qualia-navi.vercel.app/articles/art-mega10-lipoil-tint-romand-glasting-color-gloss,0,1,0%,11
https://qualia-navi.vercel.app/articles/art-mega10-mascara-remover-heroinemake-speedy,0,1,0%,11
https://qualia-navi.vercel.app/articles/art-mega10-shading-too-cool-for-school-artclass-by-rodin,0,1,0%,11
https://qualia-navi.vercel.app/articles/art-nailoil-blossom-fragrance-cuticle-oil-pen,0,1,0%,11
https://qualia-navi.vercel.app/articles/art-pointcurler-eyelash-curler-mini-narrow-frame,0,1,0%,11
https://qualia-navi.vercel.app/articles/art-rescue-mens-eyebrow-scruffy,0,1,0%,11
https://qualia-navi.vercel.app/articles/art-seo-query-clarins-double-serum-adcance,0,1,0%,11
https://qualia-navi.vercel.app/articles/art-seo-query-cosmedecorte-sunshelter-toneup-cc-uv,0,1,0%,11
https://qualia-navi.vercel.app/articles/art-seo-query-givenchy-prisme-libre-4color-powder,0,1,0%,11
https://qualia-navi.vercel.app/articles/art-seo-query-pore-cover-foundation,0,1,0%,11
https://qualia-navi.vercel.app/articles/art-seo-query-skii-facial-treatment-essence-pitera,0,1,0%,11
https://qualia-navi.vercel.app/articles/art-wf-hair-sarasara-fragrance-2026,0,1,0%,11
https://qualia-navi.vercel.app/articles/feature-10-ultimate-radiance-divine-elegance-2026,0,1,0%,11
https://qualia-navi.vercel.app/articles/feature-5-blush-brush-natural-fluffy-glow,0,1,0%,11
https://qualia-navi.vercel.app/articles/feature-5-lip-plumper-volumizing-capsaicin-volufiline,0,1,0%,11
https://qualia-navi.vercel.app/articles/feature-5-scalp-powder-oil-control-bangs,0,1,0%,11
https://qualia-navi.vercel.app/articles/feature-5-self-eyelash-perm-kit,0,1,0%,11
https://qualia-navi.vercel.app/articles/feature-foundation-combination-skin-10,0,1,0%,11
https://qualia-navi.vercel.app/articles/product-cc-stay-kate,0,1,0%,11
https://qualia-navi.vercel.app/articles/product-cmp-lp-opera-05,0,1,0%,11
https://qualia-navi.vercel.app/articles/product-gf-xmas-jomalone,0,1,0%,11
https://qualia-navi.vercel.app/articles/product-lip26-ma-excel,0,1,0%,11
https://qualia-navi.vercel.app/articles/product-lip26-st-chanel75,0,1,0%,11
https://qualia-navi.vercel.app/articles/product-pcl-wso-visee250,0,1,0%,11
https://qualia-navi.vercel.app/articles/product-pr-comb-excel,0,1,0%,11
https://qualia-navi.vercel.app/articles/product-pr-oil-sofinaip,0,1,0%,11
https://qualia-navi.vercel.app/articles/product-pr-tone-canmake-mermaid,0,1,0%,11
https://qualia-navi.vercel.app/articles/product-sc-nat-larocheposay,0,1,0%,11
https://qualia-navi.vercel.app/articles/topic-body-loccitane-verbena,0,1,0%,11
https://qualia-navi.vercel.app/articles/topic-suncare-kanebo-veilofday,0,1,0%,11
https://qualia-navi.vercel.app/articles/art-brushclean-kent-hair-brush-cleaning-rake-metal,0,1,0%,12
https://qualia-navi.vercel.app/articles/art-budget-kate-super-sharp-liner-ex4,0,1,0%,12
https://qualia-navi.vercel.app/articles/art-mega10-uv-primer-jillstuart-bright-smooth-serum-primer,0,1,0%,12
https://qualia-navi.vercel.app/articles/art-peri-hair-serum-essence-repair-2026,0,1,0%,12
https://qualia-navi.vercel.app/articles/art-seo-query-rmk-liquid-foundation-flawless-coverage,0,1,0%,12
https://qualia-navi.vercel.app/articles/product-gf-xmas-tomford-quad,0,1,0%,12
https://qualia-navi.vercel.app/articles/art-aegyosal-bbia-last-auto-gel-liner-shadow,0,1,0%,13
https://qualia-navi.vercel.app/articles/art-feat4-anua-heartleaf-toner,0,1,0%,13
https://qualia-navi.vercel.app/articles/art-mega10-pore-blur-base-innisfree-no-sebum-blur-primer,0,1,0%,13
https://qualia-navi.vercel.app/articles/product-ag-40s-pr-kanebo-day,0,1,0%,13
https://qualia-navi.vercel.app/articles/product-pr-oil-cezanne-pink,0,1,0%,13
https://qualia-navi.vercel.app/articles/art-kbeauty-numbuzin-no5-vitamin-concentrated-serum,0,1,0%,14
https://qualia-navi.vercel.app/articles/art-noseclip-dual-pressure-point-nose-lift-pro,0,1,0%,14
https://qualia-navi.vercel.app/articles/art-peri-onsen-water-spray-mist-ranking-2026,0,1,0%,14
https://qualia-navi.vercel.app/articles/topic-hair-milbon-elujuda-sun,0,1,0%,14
https://qualia-navi.vercel.app/articles/art-spotcon-daisy-doll-color-correcting-concealer,0,1,0%,15
https://qualia-navi.vercel.app/articles/feature-2026-autumn-foundation-recommended-10,0,1,0%,15
https://qualia-navi.vercel.app/articles/art-hotlash-compact-comb-lash-lifter,0,1,0%,16
https://qualia-navi.vercel.app/articles/art-lasheye-kpalette-1day-tattoo-pro,0,1,0%,16
https://qualia-navi.vercel.app/articles/art-mega10-toneup-primer-excel-glow-luminizer,0,1,0%,16
https://qualia-navi.vercel.app/articles/art-scalpscrub-sabon-head-scrub-delicate,0,1,0%,17
https://qualia-navi.vercel.app/articles/product-ag-40s-sk-astalift-wrinkle,0,1,0%,17
https://qualia-navi.vercel.app/articles/product-cc-kuma-etvos,0,1,0%,18
https://qualia-navi.vercel.app/articles/art-feat5-nameraka-wrinkle-serum,0,1,0%,19
https://qualia-navi.vercel.app/articles/art-seo-query-lauramercier-blush-color-infusion-cheeks,0,1,0%,19
https://qualia-navi.vercel.app/articles/product-fd-oily-kate-matte,0,1,0%,19
https://qualia-navi.vercel.app/articles/product-lip26-tr-cezanne,0,1,0%,19
https://qualia-navi.vercel.app/articles/art-colorcorr-cezanne-make-keep-base-blue,0,1,0%,20
https://qualia-navi.vercel.app/articles/art-combi-naturie-hatomugi-skin-conditioning-gel,0,1,0%,20
https://qualia-navi.vercel.app/articles/art-diag-warm-spring-shadow,0,1,0%,20
https://qualia-navi.vercel.app/articles/art-mega10-plumper-serum-torriden-solid-in-ceramide-lip,0,1,0%,20
https://qualia-navi.vercel.app/articles/product-fd-comb-shuuemura-care,0,1,0%,20
https://qualia-navi.vercel.app/articles/product-gf-20s-shiro-oil,0,1,0%,20
https://qualia-navi.vercel.app/articles/product-gf-bday-jill-blush,0,1,0%,20
https://qualia-navi.vercel.app/articles/art-dry-obagi-x-derma-advanced-lift-cream,0,1,0%,21
https://qualia-navi.vercel.app/articles/art-shaver-flawless-face-hair-remover,0,1,0%,21
https://qualia-navi.vercel.app/articles/product-cc-moist-etvos,0,1,0%,21
https://qualia-navi.vercel.app/articles/product-gf-40s-lancome-absolue,0,1,0%,21
https://qualia-navi.vercel.app/articles/art-mascarabase-ettusais-eye-edition,0,1,0%,23
https://qualia-navi.vercel.app/articles/product-ag-30s-sk-orbis-udot,0,1,0%,23
https://qualia-navi.vercel.app/articles/product-cmp-lp-cezanne-05,0,1,0%,23
https://qualia-navi.vercel.app/articles/art-feat8-ceracolla-ap-lotion,0,1,0%,24
https://qualia-navi.vercel.app/articles/product-pcl-wa-chifure748,0,1,0%,25
https://qualia-navi.vercel.app/articles/product-pr1k-cezanne-highlight,0,1,0%,25
https://qualia-navi.vercel.app/articles/art-mega10-scalp-spa-clayge-spa-mask,0,1,0%,26
https://qualia-navi.vercel.app/articles/product-ag-40s-pr-covermark,0,1,0%,26
https://qualia-navi.vercel.app/articles/product-cc-moist-ysl,0,1,0%,26
https://qualia-navi.vercel.app/articles/product-pr-comb-cezanne-moist,0,1,0%,26
https://qualia-navi.vercel.app/articles/product-gf-frd-shiro-hand,0,1,0%,27
https://qualia-navi.vercel.app/articles/product-lip26-re-canmake09,0,1,0%,28
https://qualia-navi.vercel.app/articles/feature-5-eyeshadow-primer-base-creaseproof-vivid,0,1,0%,29
https://qualia-navi.vercel.app/articles/product-fd-dry-maquillage-essence,0,1,0%,29
https://qualia-navi.vercel.app/articles/art-cosme-osusume-men-2026-best10,0,1,0%,30
https://qualia-navi.vercel.app/articles/art-nono-hana-suncut-toneup-essence,0,1,0%,30
https://qualia-navi.vercel.app/articles/product-pcl-ws-ettusais04,0,1,0%,30
https://qualia-navi.vercel.app/articles/art-mingyu-seventeen-loccitane-unove-care,0,1,0%,31
https://qualia-navi.vercel.app/articles/art-seo-query-shiseido-eudermine-activating-essence,0,1,0%,31
https://qualia-navi.vercel.app/articles/feature-5-silk-night-gloves-hand-care,0,1,0%,31
https://qualia-navi.vercel.app/articles/art-brushclean-mac-brush-cleanser,0,1,0%,37
https://qualia-navi.vercel.app/articles/art-feat3-melano-cc-wash,0,1,0%,37
https://qualia-navi.vercel.app/articles/art-feat6-astalift-duv-clear,0,1,0%,37
https://qualia-navi.vercel.app/articles/art-hairstick-dian-perfect-beauty-maegami-stick,0,1,0%,37
https://qualia-navi.vercel.app/articles/art-nightcap-utukushi-silk-nightcap-6a-grade,0,1,0%,37
https://qualia-navi.vercel.app/articles/product-pcl-csp-dior001,0,1,0%,39
https://qualia-navi.vercel.app/articles/topic-body-lucido-middle-wash,0,1,0%,40
https://qualia-navi.vercel.app/articles/art-waterpeel-yaman-circle-peeling-pro-water-lift,0,1,0%,41
https://qualia-navi.vercel.app/articles/art-peri-screw-brush-eyebrow-lash-comb-2026,0,1,0%,42
https://qualia-navi.vercel.app/articles/feature-5-makeup-brush-sponge-cleaner-sanitizer,0,1,0%,43
https://qualia-navi.vercel.app/articles/product-lip26-re-dior999,0,1,0%,43
https://qualia-navi.vercel.app/articles/feature-5-carbonated-scalp-cooling-spray,0,1,0%,46
https://qualia-navi.vercel.app/articles/art-blot-kanazawa-gold-leaf-paper,0,1,0%,49
https://qualia-navi.vercel.app/articles/art-carbonmist-organic-botanical-carbon-water-facial,0,1,0%,49
https://qualia-navi.vercel.app/articles/art-pillowcase-lillly-silk-pillow-protector-zipper-pro,0,1,0%,51
https://qualia-navi.vercel.app/articles/art-peri-bed-hair-water-styling-mist-2026,0,1,0%,55
https://qualia-navi.vercel.app/articles/feature-personal-color-cool-summer-lip-10,0,1,0%,55
https://qualia-navi.vercel.app/articles/art-feat1-curel-whitening,0,1,0%,56
https://qualia-navi.vercel.app/articles/art-wonyoung-ive-amuse-jel-fit-tint,0,1,0%,56
https://qualia-navi.vercel.app/articles/feature-5-eye-cream-wrinkle-repair-dark-circle,0,1,0%,58
https://qualia-navi.vercel.app/articles/feature-5-silk-pillowcase-hair-skin-friction-proof,0,1,0%,58
https://qualia-navi.vercel.app/articles/art-feat6-kanebo-fresh-day-cream,0,1,0%,60
https://qualia-navi.vercel.app/articles/art-peri-neck-decollete-serum-firming-2026,0,1,0%,63
https://qualia-navi.vercel.app/articles/feature-herlipto-beauty-kojiharu-complete-guide,0,1,0%,64
https://qualia-navi.vercel.app/articles/feature-concealer-moisturizing-dry-10,0,1,0%,65
https://qualia-navi.vercel.app/articles/art-feat6-maquillage-skin-sensor,0,1,0%,66
https://qualia-navi.vercel.app/articles/feature-5-elbow-knee-brightening-peeling,0,1,0%,66
https://qualia-navi.vercel.app/articles/art-peri-foot-deodorant-cream-smell-2026,0,1,0%,67
https://qualia-navi.vercel.app/articles/feature-5-mascara-base-curl-keep,0,1,0%,71
https://qualia-navi.vercel.app/articles/feature-5-hand-massager-air-heat,0,1,0%,72
https://qualia-navi.vercel.app/articles/art-feat5-decorte-ipshot,0,1,0%,73
https://qualia-navi.vercel.app/articles/art-nono-hana-addiction-matte-lip,0,1,0%,74
https://qualia-navi.vercel.app/articles/feature-5-targeted-eye-cream-dark-circles,0,1,0%,75
https://qualia-navi.vercel.app/articles/product-ag-30s-sk-etvos-moist,0,1,0%,75
https://qualia-navi.vercel.app/articles/feature-concealer-dark-circles-10,0,1,0%,80
https://qualia-navi.vercel.app/articles/art-peri-hair-brush-cleaner-care-2026,0,1,0%,82
https://qualia-navi.vercel.app/articles/art-feat7-biohealboh-3d-ampoule,0,1,0%,84
https://qualia-navi.vercel.app/articles/feature-5-hand-serum-aging-vein-care,0,1,0%,85
https://qualia-navi.vercel.app/articles/art-peri-amino-acid-shampoo-gentle-2026,0,1,0%,95
https://qualia-navi.vercel.app/articles/feature-2026-autumn-blush-recommended-10,0,1,0%,96
https://qualia-navi.vercel.app/articles/art-niziu-kose-make-keep-mist-powder,0,1,0%,99