id,title,description,link,image_link,price,availability,condition,google_product_category
autodiscover-shiseido,【最新ヒットコスメ】いま一番売れている話題コスメ！SHISEIDO エッセンス スキングロウ ファンデーション 徹底検証,コスメ好きの間で空前の大ヒット！いま大注目のバズコスメ「SHISEIDO エッセンス スキングロウ ファンデーション」のリアルな評価と最安値をレビュー。,https://qualia-navi.vercel.app/articles/autodiscover-shiseido,https://thumbnail.image.rakuten.co.jp/@0_mall/brandshiseido/cabinet/prd/smu0021/2607_smu0021.jpg,7040 JPY,in stock,new,Health & Beauty > Personal Care > Cosmetics
autodiscover-takami,【最新ヒットコスメ】いま一番売れている話題コスメ！TAKAMI タカミスキンピール 角質美容水 30mL 徹底検証,コスメ好きの間で空前の大ヒット！いま大注目のバズコスメ「TAKAMI タカミスキンピール 角質美容水 30mL」のリアルな評価と最安値をレビュー。,https://qualia-navi.vercel.app/articles/autodiscover-takami,https://thumbnail.image.rakuten.co.jp/@0_mall/takami-labo/cabinet/prd/r-s009/r-s009_26ms_2607.jpg,5720 JPY,in stock,new,Health & Beauty > Personal Care > Cosmetics
autodiscover-dior,【最新ヒットコスメ】いま一番売れている話題コスメ！Dior ディオール アディクト リップ マキシマイザー 徹底検証,コスメ好きの間で空前の大ヒット！いま大注目のバズコスメ「Dior ディオール アディクト リップ マキシマイザー」のリアルな評価と最安値をレビュー。,https://qualia-navi.vercel.app/articles/autodiscover-dior,https://thumbnail.image.rakuten.co.jp/@0_mall/rush-mall/cabinet/image14/dior-063-001.jpg,4970 JPY,in stock,new,Health & Beauty > Personal Care > Cosmetics
topic-skincare-decorte,【2026年最新】楽天1位獲得！Koseコスメデコルテ リポソーム アドバンスト リペアセラムの徹底検証,1滴に1兆個の美肌カプセル。つけた瞬間から溶け込むように浸透し、圧倒的な保湿力とハリツヤを実感。,https://qualia-navi.vercel.app/articles/topic-skincare-decorte,https://thumbnail.image.rakuten.co.jp/@0_mall/cosme-venus/cabinet/skuimage/topimage/decoripo.jpg,8620 JPY,in stock,new,Health & Beauty > Personal Care > Cosmetics
topic-suncare-anessa,【日焼け止め最高峰】資生堂 アネッサ パーフェクトUV スキンケアミルク NA徹底レビュー,汗・水・熱・擦れに強い最強UVブロック！どこで買えるか探している方に、楽天ポイント高還元＆最安値まとめ買い情報をお届け。,https://qualia-navi.vercel.app/articles/topic-suncare-anessa,https://thumbnail.image.rakuten.co.jp/@0_mall/rakuten24/cabinet/105/4909978147105.jpg,3058 JPY,in stock,new,Health & Beauty > Personal Care > Cosmetics
topic-kbeauty-vt,【韓国コスメNO.1美容液】VT COSMETICS リードルショット100 徹底ガイド,天然美容針（シリカ）が美肌成分を角層深部まで届ける！どこで買えるか探している方に、VT公式楽天の最安値＆オマケ特典ガイドをお届け。,https://qualia-navi.vercel.app/articles/topic-kbeauty-vt,https://thumbnail.image.rakuten.co.jp/@0_mall/cosme-venus/cabinet/skuimage/topimage/8809695678363-set.jpg,2570 JPY,in stock,new,Health & Beauty > Personal Care > Cosmetics
topic-lip-romand,【落ちないツヤ唇】ロムアンド ジューシーラスティングティント 人気色徹底レビュー,果汁のようなジューシーなツヤと高発色が持続。最安値＆楽天送料無料で購入できるお得ガイド付き。,https://qualia-navi.vercel.app/articles/topic-lip-romand,https://thumbnail.image.rakuten.co.jp/@0_mall/asiabnc/cabinet/11939901/imgrc0094922679.jpg,1320 JPY,in stock,new,Health & Beauty > Personal Care > Cosmetics
topic-device-vitalift,【引き締め美顔器】パナソニック バイタリフト ブラシ EH-SP60 徹底検証ガイド,独自のデュアルダイナミックEMSが頭筋と表情筋にアプローチ。実質最安値＆楽天ポイント還元でお得に買う方法を解説。,https://qualia-navi.vercel.app/articles/topic-device-vitalift,https://thumbnail.image.rakuten.co.jp/@0_mall/panasonic-store/cabinet/banner/12923490/eh-sp60_main_002.jpg,39963 JPY,in stock,new,Health & Beauty > Personal Care > Cosmetics
topic-makeup-kate,【落ちない口紅バズコスメ】KATE リップモンスター 03 陽炎 質感＆発色徹底検証,つけたての発色がそのまま持続！最安値＆楽天送料無料で購入できる在庫ガイド。,https://qualia-navi.vercel.app/articles/topic-makeup-kate,https://thumbnail.image.rakuten.co.jp/@0_mall/matsuya-cosme/cabinet/m03.jpg,1339 JPY,in stock,new,Health & Beauty > Personal Care > Cosmetics
topic-makeup-laroche,【透明美肌下地】ラ ロッシュ ポゼ UVイデア XL プロテクショントーンアップ ローズ徹底レビュー,SPF50+ PA++++。澄んだ血色感と素肌感トーンアップを叶える大人気UV化粧下地。楽天公式限定キットでお得に買う方法を公開。,https://qualia-navi.vercel.app/articles/topic-makeup-laroche,https://thumbnail.image.rakuten.co.jp/@0_mall/shimin2/cabinet/shohin_laroche/tnup-all_95a-01.jpg,3390 JPY,in stock,new,Health & Beauty > Personal Care > Cosmetics
topic-skincare-curel,【敏感肌専用UV】キュレル 潤浸保湿 UVエッセンス SPF30 PA+++徹底レビュー,SPF30 PA+++。セラミドの働きを補うノンケミカル日焼け止め。楽天まとめ買い＆ポイント還元でお得に購入可能。,https://qualia-navi.vercel.app/articles/topic-skincare-curel,https://thumbnail.image.rakuten.co.jp/@0_mall/pupuhima/cabinet/a1djyydnhw.jpg,1477 JPY,in stock,new,Health & Beauty > Personal Care > Cosmetics
topic-body-seabreeze,【夏の制汗・ひんやり】シーブリーズ デオ＆ウォーターで汗の匂いとベタつきを瞬間リセット,夏の必需品！清涼感たっぷりで汗の匂いやベタつきを瞬時にリセット。海やプールのお供にも最適です。,https://qualia-navi.vercel.app/articles/topic-body-seabreeze,https://thumbnail.image.rakuten.co.jp/@0_mall/rakuten24-cosmetics/cabinet/215/406215.jpg,2277 JPY,in stock,new,Health & Beauty > Personal Care > Cosmetics
topic-makeup-innisfree,【テカリ防止の神】イニスフリー ノーセバム ミネラルパウダー Nで夏の汗・皮脂崩れを鉄壁ブロック,顔のテカリ・汗崩れをブロックする大人気パウダー。前髪のベタつき防止にも使える万能アイテムです。,https://qualia-navi.vercel.app/articles/topic-makeup-innisfree,https://thumbnail.image.rakuten.co.jp/@0_mall/roseroseshop/cabinet/09833634/imgrc0118473423.jpg,1999 JPY,in stock,new,Health & Beauty > Personal Care > Cosmetics
topic-skincare-avene,【日焼け後・あせもケア】アベンヌ ウォーターで火照った夏の肌を鎮静保湿,南仏アベンヌ村の温泉水100%。日焼け後や冷房で乾燥した夏の肌を優しく潤し、鎮静します。,https://qualia-navi.vercel.app/articles/topic-skincare-avene,https://thumbnail.image.rakuten.co.jp/@0_mall/cosmeticroyal/cabinet/avene/3282779003131logo.jpg,1180 JPY,in stock,new,Health & Beauty > Personal Care > Cosmetics
topic-skincare-melanocc,【夏の紫外線・ニキビ跡に】メラノCC 薬用しみ集中対策 プレミアム美容液,紫外線をたっぷり浴びた夏の肌に。3種のビタミンC誘導体がシミ・ニキビを徹底ケア。,https://qualia-navi.vercel.app/articles/topic-skincare-melanocc,https://thumbnail.image.rakuten.co.jp/@0_mall/koyama-p/cabinet/5cosme/5/4987241168583.jpg,1380 JPY,in stock,new,Health & Beauty > Personal Care > Cosmetics
topic-suncare-biore,【水感UV】ビオレUV アクアリッチ ウォータリーエッセンス 猛暑でも焼けない,水のように軽いのに、汗・水に強いスーパーウォータープルーフ。夏の海やプールでも大活躍。,https://qualia-navi.vercel.app/articles/topic-suncare-biore,https://thumbnail.image.rakuten.co.jp/@0_mall/rakutensokuhaimart/cabinet/rakuten24/647/4901301447647.jpg,893 JPY,in stock,new,Health & Beauty > Personal Care > Cosmetics
topic-body-deonature,【ワキ汗・ニオイ対策】デオナチュレ ソフトストーンW 夏の最強制汗剤リアル検証,ワキのニオイ・汗を根本から防ぐ直塗りスティック。猛暑日でも一日中安心の消臭力。,https://qualia-navi.vercel.app/articles/topic-body-deonature,https://thumbnail.image.rakuten.co.jp/@0_mall/rakuten24/cabinet/667/84667.jpg,2970 JPY,in stock,new,Health & Beauty > Personal Care > Cosmetics
topic-skincare-saborino,【夏の朝の清涼感】サボリーノ 目ざまシートでひんやり時短スキンケア,寝起きの肌に60秒貼るだけ！洗顔・スキンケア・保湿下地まで完了する朝用ひんやりシートマスク。,https://qualia-navi.vercel.app/articles/topic-skincare-saborino,https://thumbnail.image.rakuten.co.jp/@0_mall/daikisone/cabinet/r/saborino-6-1_001.jpg,2698 JPY,in stock,new,Health & Beauty > Personal Care > Cosmetics
topic-skincare-orbis,【夏のニキビ・肌荒れ特化】オルビス クリアフル ローションで毛穴とあせもを徹底ケア,夏のくり返すニキビ・毛穴の詰まりに。さっぱり潤して肌荒れを防ぐ薬用クリアローション。,https://qualia-navi.vercel.app/articles/topic-skincare-orbis,https://thumbnail.image.rakuten.co.jp/@0_mall/0101marui/cabinet/cc006/018/634908064081347.jpg,1430 JPY,in stock,new,Health & Beauty > Personal Care > Cosmetics
topic-makeup-fasio,【海・プールでも落ちない】ファシオ パワフルステイ リキッドライナー最強説,絶対落としたくない夏に。汗・水・涙・こすれに強いウォータープルーフアイライナー。,https://qualia-navi.vercel.app/articles/topic-makeup-fasio,https://thumbnail.image.rakuten.co.jp/@0_mall/yayoi-cosme/cabinet/07142378/11745509/4971710610741.jpg,1430 JPY,in stock,new,Health & Beauty > Personal Care > Cosmetics
topic-suncare-allie,【こすれ・汗に強い】アリィー クロノビューティ ジェルUV EX ビーチフレンドリー処方,汗・水・こすれに強いスーパーフリクションプルーフ。一部の国・地域で規制されている成分を使用しないビーチフレンドリー処方。,https://qualia-navi.vercel.app/articles/topic-suncare-allie,https://thumbnail.image.rakuten.co.jp/@0_mall/rakuten24/cabinet/742/4973167057742.jpg,2178 JPY,in stock,new,Health & Beauty > Personal Care > Cosmetics
topic-body-agdeo24,【夏の体臭・ワキ汗対策】エージーデオ24 パウダースプレーでニオイを元から断つ！リアル検証,猛暑の汗の匂いや体臭を徹底ブロック。高密着処方で白くならず、サラサラ感が一日中続くスプレーです。,https://qualia-navi.vercel.app/articles/topic-body-agdeo24,https://thumbnail.image.rakuten.co.jp/@0_mall/at-life/cabinet/d/202410/imgrc0095399713.jpg,998 JPY,in stock,new,Health & Beauty > Personal Care > Cosmetics
topic-mouth-breathlabo,【口臭ケアの決定版】ブレスラボ マウスウォッシュ 翌朝のネバつき・ニオイを完全撃退,製薬会社が開発した本気の口臭ケア。ニオイの原因菌を殺菌し、爽快感が長時間続きます。,https://qualia-navi.vercel.app/articles/topic-mouth-breathlabo,https://thumbnail.image.rakuten.co.jp/@0_mall/rakutensokuhaimart/cabinet/rakuten24/940/4987107630940.jpg,764 JPY,in stock,new,Health & Beauty > Personal Care > Cosmetics
topic-makeup-fujiko,【テカリ・毛穴レス】Fujiko アブラトリウォーター 夏のメイク崩れを瞬間お直し！,ポンポンするだけで崩れたメイクが元通り。皮脂を吸収し、ひんやり水ベースで潤いも補給。,https://qualia-navi.vercel.app/articles/topic-makeup-fujiko,https://thumbnail.image.rakuten.co.jp/@0_mall/fujikobrand/cabinet/img-abura-neo/abura-neo01-2.jpg,2530 JPY,in stock,new,Health & Beauty > Personal Care > Cosmetics
topic-suncare-orbis,【シワ改善×日焼け止め】オルビス リンクルブライトUVプロテクター 夏の紫外線ダメージとエイジングケア,SPF50+ PA++++の強力なUVカットとシワ改善・美白を同時に叶える最高峰の日焼け止め。,https://qualia-navi.vercel.app/articles/topic-suncare-orbis,https://thumbnail.image.rakuten.co.jp/@0_mall/orbis-shop/cabinet/orbis_prd/event/imgrc0145520918.jpg,3850 JPY,in stock,new,Health & Beauty > Personal Care > Cosmetics
topic-mouth-nonio,【舌苔除去で口臭ゼロへ】NONIO 舌専用 クリーニングジェルの効果と正しい使い方,口臭の主な原因である「舌苔（ぜったい）」を優しく浮かせて落とす専用ジェルとクリーナー。,https://qualia-navi.vercel.app/articles/topic-mouth-nonio,https://thumbnail.image.rakuten.co.jp/@0_mall/rakuten24/cabinet/458/71458.jpg,1280 JPY,in stock,new,Health & Beauty > Personal Care > Cosmetics
topic-body-deoco,【大人女性の体臭・加齢臭ケア】デオコ 薬用ボディクレンズで若い頃の甘い香りを取り戻す？,年齢と共に減少する若い頃の甘い香り「ラクトン」を補い、気になる体臭や加齢臭を洗い流すボディソープ。,https://qualia-navi.vercel.app/articles/topic-body-deoco,https://thumbnail.image.rakuten.co.jp/@0_mall/rakuten24/cabinet/392/591392.jpg,5227 JPY,in stock,new,Health & Beauty > Personal Care > Cosmetics
topic-makeup-excel,【夏の崩れない下地】エクセル ラスティングタッチベース 皮脂ブロック＆毛穴カバー力を徹底レビュー,皮脂崩れを徹底ブロックし、テカリのないスムースな肌を一日中キープする夏の優秀下地。,https://qualia-navi.vercel.app/articles/topic-makeup-excel,https://thumbnail.image.rakuten.co.jp/@0_mall/cosme21/cabinet/a/excel0127_001.jpg,1855 JPY,in stock,new,Health & Beauty > Personal Care > Cosmetics
topic-suncare-elixir,【大人の時短UV】エリクシール デーケアレボリューション 乳液・下地・UVカットが1本で完成,朝、化粧水の後はこれ1本。大人の肌を明るくトーンアップしながら、紫外線と乾燥から守る朝用乳液。,https://qualia-navi.vercel.app/articles/topic-suncare-elixir,https://thumbnail.image.rakuten.co.jp/@0_mall/matsuya-cosme/cabinet/imgrc0107313423.jpg,2692 JPY,in stock,new,Health & Beauty > Personal Care > Cosmetics
topic-body-pelican,【夏のざらつき・黒ずみケア】ペリカン石鹸 恋するおしり ヒップケア石鹸のツルツル効果,おしりの黒ずみ・ザラつき・ブツブツを洗うだけでケアできる大ヒット専用石鹸。ピーチの香りに癒されます。,https://qualia-navi.vercel.app/articles/topic-body-pelican,https://thumbnail.image.rakuten.co.jp/@0_mall/front-runner-sp/cabinet/foundation/foundation25/koisurusp02b.jpg,1499 JPY,in stock,new,Health & Beauty > Personal Care > Cosmetics
topic-oral-propolinse,【汚れが目で見える】プロポリンス マウスウォッシュ 衝撃の口内洗浄・口臭予防効果とは？,口の中のタンパク質汚れを固めて出す、新感覚マウスウォッシュ。吐き出した汚れに衝撃を受けること間違いなし。,https://qualia-navi.vercel.app/articles/topic-oral-propolinse,https://thumbnail.image.rakuten.co.jp/@0_mall/rennkou-syouji/cabinet/04468394/imgrc0074328493.jpg,6180 JPY,in stock,new,Health & Beauty > Personal Care > Cosmetics
topic-hair-dryshampoo,【頭皮のニオイ・ベタつき対策】ダイアン ドライシャンプーで夕方の頭皮もサラサラに,結論：夏の夕方の頭皮のニオイ、前髪のベタつきはこれ1本で即解決します。汗をかいた頭皮にスプレーするだけで、洗いたてのようなふんわりサラサラ髪が復活する最強のドライシャンプーです。,https://qualia-navi.vercel.app/articles/topic-hair-dryshampoo,https://thumbnail.image.rakuten.co.jp/@0_mall/rakuten24/cabinet/650/4580632117650.jpg,1320 JPY,in stock,new,Health & Beauty > Personal Care > Cosmetics
topic-skincare-fancl,【夏の角栓・毛穴の黒ずみケア】ファンケル マイルドクレンジングオイル 摩擦レスな角栓除去,結論：夏のドロドロ皮脂と日焼け止め、そしてガンコな毛穴の角栓を「こすらず撫でるだけ」でスルンと落とす、クレンジングの王様です。,https://qualia-navi.vercel.app/articles/topic-skincare-fancl,https://thumbnail.image.rakuten.co.jp/@0_mall/fancl-shop/cabinet/item-img/3500-3999_2/3721-31_2603.jpg,1870 JPY,in stock,new,Health & Beauty > Personal Care > Cosmetics
topic-skincare-curelcream,【夏のインナードライ対策】キュレル フェイスクリーム クーラー乾燥から肌を守る,結論：外はベタベタなのに中はカサカサ。そんな夏の「インナードライ肌」を、セラミド機能成分が優しく満たし、荒れにくい肌へ導くお守りクリームです。,https://qualia-navi.vercel.app/articles/topic-skincare-curelcream,https://thumbnail.image.rakuten.co.jp/@0_mall/sundrug/cabinet/202512_1/4901301236210.jpg,1934 JPY,in stock,new,Health & Beauty > Personal Care > Cosmetics
topic-skincare-shirojyun,【プチプラ美白の最高峰】白潤プレミアム 化粧水 夏のシミ対策と徹底保湿,結論：デパコス級の美白有効成分「ホワイトトラネキサム酸」と抗炎症成分を配合。夏の紫外線ダメージをその日のうちにリセットする最強プチプラ美白化粧水です。,https://qualia-navi.vercel.app/articles/topic-skincare-shirojyun,https://thumbnail.image.rakuten.co.jp/@0_mall/rakuten24/cabinet/446/4987241168446.jpg,1100 JPY,in stock,new,Health & Beauty > Personal Care > Cosmetics
topic-body-biore,【猛暑の必須アイテム】ビオレ 冷シート 拭いた瞬間-3℃の氷冷感,結論：夏の外出先や通勤・通学で火照った体を「拭いた瞬間-3℃」にする魔法のシート。厚手で破れにくく、全身の汗とニオイをスッキリ拭き取ります。,https://qualia-navi.vercel.app/articles/topic-body-biore,https://thumbnail.image.rakuten.co.jp/@0_mall/rakuten24/cabinet/418/4901301348418.jpg,473 JPY,in stock,new,Health & Beauty > Personal Care > Cosmetics
topic-body-footdeo,【足のニオイ完全ブロック】デオナチュレ 足指さらさらクリーム 夏のサンダル・蒸れ対策,結論：夏の靴を脱いだ時の「あの強烈な足のニオイ」を根絶する神クリーム。焼ミョウバンが汗を抑え、ニオイ菌を殺菌して一日中サラサラをキープします。,https://qualia-navi.vercel.app/articles/topic-body-footdeo,https://thumbnail.image.rakuten.co.jp/@0_mall/rakuten24/cabinet/671/84671.jpg,2970 JPY,in stock,new,Health & Beauty > Personal Care > Cosmetics
topic-makeup-fujikomayu,【夏の海・プールで落ちない眉】フジコ 眉ティント 汗・水に強い最強眉,結論：汗だくの猛暑日も、海やプールでも「絶対に眉毛がなくならない」。塗って剥がすだけで約3日間、すっぴんでも消えない美眉をキープする夏メイクの革命児です。,https://qualia-navi.vercel.app/articles/topic-makeup-fujikomayu,https://thumbnail.image.rakuten.co.jp/@0_mall/fujikobrand/cabinet/img-mayutint-svr/12mayutintsvr01-4.jpg,1188 JPY,in stock,new,Health & Beauty > Personal Care > Cosmetics
topic-hair-mieufa,【髪の紫外線ダメージケア】ミーファ フレグランスUVスプレー 髪と頭皮の日焼けを防ぐ,結論：夏のパサパサ髪・カラーの退色・頭皮の赤みは「髪の紫外線焼け」が原因。SPF50+ PA++++で髪を徹底ガードし、香水代わりにもなる最強のヘアUVスプレーです。,https://qualia-navi.vercel.app/articles/topic-hair-mieufa,https://thumbnail.image.rakuten.co.jp/@0_mall/oohooh/cabinet/napra/napra407r.jpg,1790 JPY,in stock,new,Health & Beauty > Personal Care > Cosmetics
topic-makeup-lipmonster,【落ちないマットリップ】リップモンスター スフレマット 夏フェスで飲食しても色持ちキープ,結論：夏のイベントやフェスで飲み食いしても「絶対に血色感を失わない」。大バズりリップモンスターのマット版は、ふんわり軽いのに驚異の色持ちを誇ります。,https://qualia-navi.vercel.app/articles/topic-makeup-lipmonster,https://thumbnail.image.rakuten.co.jp/@0_mall/lilycosme/cabinet/marason-lily/kanebo-004-ra-rk2.jpg,1350 JPY,in stock,new,Health & Beauty > Personal Care > Cosmetics
topic-body-orbisbody,【夏の背中ニキビケア】オルビス クリアフル ボディローション 水着も自信が持てるつるつる背中へ,結論：汗で蒸れて悪化する「背中や胸元のニキビ・肌荒れ」を根本ケア。逆さでもスプレーできる特殊ボトルで、届きにくい背中を薬用成分が徹底的に浄化します。,https://qualia-navi.vercel.app/articles/topic-body-orbisbody,https://thumbnail.image.rakuten.co.jp/@0_mall/otostore/cabinet/onesell033/otb0f56384cb.jpg,1803 JPY,in stock,new,Health & Beauty > Personal Care > Cosmetics
topic-skincare-kanebowash,【夏のドロドロ皮脂を一掃】カネボウ スクラビング マッド ウォッシュ 洗顔だけで毛穴レス肌へ,結論：モロッコ溶岩クレイが夏の過剰な皮脂を根こそぎ吸着。スクラブが砕けて泡立つ新感覚のテクスチャーで、洗い上がりの肌が「キュッ」と鳴るほどツルツルになる神洗顔です。,https://qualia-navi.vercel.app/articles/topic-skincare-kanebowash,https://thumbnail.image.rakuten.co.jp/@0_mall/cosme-venus/cabinet/skuimage/topimage/imgrc0114101994.jpg,2510 JPY,in stock,new,Health & Beauty > Personal Care > Cosmetics
topic-body-summerseve,【夏のデリケートゾーンのニオイ・蒸れ】サマーズイブ フェミニンウォッシュで優しくケア,結論：夏の生理中やレジャー後の「デリケートゾーンの不快なニオイ・かゆみ」は専用ソープで激減します。アメリカNo.1シェアを誇る、弱酸性のマイルドな洗い心地です。,https://qualia-navi.vercel.app/articles/topic-body-summerseve,https://thumbnail.image.rakuten.co.jp/@0_mall/pillboxjapan/cabinet/03852489/se_matome_tb202512.jpg,2638 JPY,in stock,new,Health & Beauty > Personal Care > Cosmetics
topic-makeup-nars,【魔法の粉でテカリ撃退】NARS ライトリフレクティングセッティングパウダー 夏のメイク崩れを防ぐ最強パウダー,結論：通称「リフ粉」。滝のような汗をかいてもベースメイクが微動だにせず、テカリを抑えながら内側から発光するようなツヤ肌をキープする魔法のパウダーです。,https://qualia-navi.vercel.app/articles/topic-makeup-nars,https://thumbnail.image.rakuten.co.jp/@0_mall/kitakawaplaza/cabinet/2024419/nars-1.jpg,4468 JPY,in stock,new,Health & Beauty > Personal Care > Cosmetics
topic-makeup-heroinemake,【海もプールもパンダ目ゼロ】ヒロインメイク マイクロマスカラ 究極の落ちないマスカラ,結論：夏のプール、海、号泣するフェスでも「絶対にパンダ目にならない」。極細ブラシで産毛までキャッチし、お湯と洗顔料でスルンと落ちる第3のマスカラです。,https://qualia-navi.vercel.app/articles/topic-makeup-heroinemake,https://thumbnail.image.rakuten.co.jp/@0_mall/rakuten24/cabinet/952/4901433037952.jpg,1320 JPY,in stock,new,Health & Beauty > Personal Care > Cosmetics
topic-body-bubcool,【夏の疲れとほてりを癒す】バブ クール お風呂上がりも-3℃の爽快感,結論：夏のダルさ、疲労感、お風呂上がりの汗だく問題を一掃。メントール配合の炭酸ガスが温浴効果を高めながら、湯上がりは驚くほど涼しく快適になります。,https://qualia-navi.vercel.app/articles/topic-body-bubcool,https://thumbnail.image.rakuten.co.jp/@0_mall/abitora/cabinet/compass1778228209.jpg,2599 JPY,in stock,new,Health & Beauty > Personal Care > Cosmetics
topic-hair-sabon,【夏の頭皮臭・詰まりをリセット】サボン ヘッドスクラブ 自宅で極上ヘッドスパ,結論：夏の夕方にモワッと匂う頭皮臭を完全にリセット。死海の塩のスクラブが毛穴の詰まりをごっそり落とし、根元から立ち上がるサラツヤ髪を作ります。,https://qualia-navi.vercel.app/articles/topic-hair-sabon,https://tshop.r10s.jp/sabon/cabinet/prd/s0182/s0182_n.jpg?fitin=500:500,5830 JPY,in stock,new,Health & Beauty > Personal Care > Cosmetics
topic-makeup-pauljoe,【UVカット×発光ツヤ肌】ポール＆ジョー プロテクティング 夏の下地はこれ一本で決まり,結論：SPF50+ PA++++の最高UVカット力を持ちながら、日焼け止め特有のきしみ感がゼロ。美容液のように潤い、内側から発光するような美肌を作る王道デパコス下地です。,https://qualia-navi.vercel.app/articles/topic-makeup-pauljoe,https://thumbnail.image.rakuten.co.jp/@0_mall/cosmediva/cabinet/skuimage/topimage/foundationprimer1.jpg,3400 JPY,in stock,new,Health & Beauty > Personal Care > Cosmetics
topic-inner-lypoc,【飲む日焼け止め＆疲労回復】Lypo-C 夏の紫外線を内側からブロック,結論：夏の紫外線ダメージと疲労を「飲む点滴」レベルで即効ケア。体内に吸収されにくいビタミンCをリポソーム化し、吸収率を極限まで高めた最強のサプリメントです。,https://qualia-navi.vercel.app/articles/topic-inner-lypoc,https://thumbnail.image.rakuten.co.jp/@0_mall/lypoc/cabinet/kyoutuubnr/11750980/imgrc0104960775.jpg,2999 JPY,in stock,new,Health & Beauty > Personal Care > Cosmetics
topic-suncare-nivea,【全身のシミ予防】ニベア UV ディープ プロテクト 塗り心地抜群のエイジングケアUV,結論：体用の日焼け止めはこれ一択。SPF50+ PA++++の強力UVカットに加え、将来のシミ・そばかすを防ぐ予防美容効果を併せ持つ、ドラッグストア最強のボディUVジェルです。,https://qualia-navi.vercel.app/articles/topic-suncare-nivea,https://thumbnail.image.rakuten.co.jp/@0_mall/rakuten24/cabinet/070/510070.jpg,2156 JPY,in stock,new,Health & Beauty > Personal Care > Cosmetics
topic-skincare-ipsa,【汗だくでも崩れないファンデ】TIRTIR レッドクッション カバー力と持続力の頂点,結論：夏の滝汗でも、マスクをしても「絶対に崩れない・剥がれない」。圧倒的なカバー力と72時間持続する密着力で、日本のクッションファンデ市場を制覇した最強アイテムです。,https://qualia-navi.vercel.app/articles/topic-skincare-ipsa,https://thumbnail.image.rakuten.co.jp/@0_mall/suzuyaebisudo/cabinet/product/item02/tirtir-cfd_01v6.jpg,2270 JPY,in stock,new,Health & Beauty > Personal Care > Cosmetics
topic-makeup-suqqu,【2026年最新】楽天1位獲得！Koseコスメデコルテ リポソーム アドバンスト リペアセラムの徹底検証,1滴に1兆個の美肌カプセル。つけた瞬間から溶け込むように浸透し、圧倒的な保湿力とハリツヤを実感。,https://qualia-navi.vercel.app/articles/topic-makeup-suqqu,https://thumbnail.image.rakuten.co.jp/@0_mall/cosme-venus/cabinet/skuimage/topimage/decoripo.jpg,8620 JPY,in stock,new,Health & Beauty > Personal Care > Cosmetics
topic-makeup-cledepeau,【日焼け止め最高峰】資生堂 アネッサ パーフェクトUV スキンケアミルク NA徹底レビュー,汗・水・熱・擦れに強い最強UVブロック！どこで買えるか探している方に、楽天ポイント高還元＆最安値まとめ買い情報をお届け。,https://qualia-navi.vercel.app/articles/topic-makeup-cledepeau,https://thumbnail.image.rakuten.co.jp/@0_mall/rakuten24/cabinet/105/4909978147105.jpg,3058 JPY,in stock,new,Health & Beauty > Personal Care > Cosmetics
